Timestamp,Level,Module,User,FileName,LineNumber,ColumnNumber,FunctionName,ErrorType,Message,StackTrace
2026-01-15T13:38:36.827Z,warn,OfflineHomePage,marta_offline,offline-home-page.js,52,20,anonymous,SyntaxError,Unable to check for active offline sessions: SyntaxError: Failed to execute 'json' on 'Response': Unexpected end of JSON input,"SyntaxError: Unexpected end of JSON input
    at https://test-mmria.apps.ecpaas-dev.cdc.gov/scripts/offline/offline-home-page.js:41:34"
2026-01-28T16:12:48.226Z,warn,OfflineHomePage,marta_offline,offline-home-page.js,52,20,anonymous,SyntaxError,Unable to check for active offline sessions: SyntaxError: Failed to execute 'json' on 'Response': Unexpected end of JSON input,"SyntaxError: Unexpected end of JSON input
    at https://test-mmria.apps.ecpaas-dev.cdc.gov/scripts/offline/offline-home-page.js:41:34"
2026-02-09T20:32:43.825Z,log,OfflineCaseManager,marta_offline,offline-case-manager.js,165,24,add_offline_mode_softlock,,Case successfully added to offline mode(soft lock): a0103263-654c-4d21-818e-3ddc0e1b78ba,
2026-02-09T20:42:53.206Z,log,OfflineCaseManager,marta_offline,offline-case-manager.js,165,24,add_offline_mode_softlock,,Case successfully added to offline mode(soft lock): d055795e-593b-4fa4-8d0b-6d926681fcf7,
2026-02-09T20:43:50.760Z,log,OfflineTransitionManager,marta_offline,offline-transition-manager.js,31,16,Object.go_offline_button_clicked [as goOfflineClicked],,Go Offline button clicked - showing modal,
2026-02-09T20:46:25.105Z,log,OfflineTransitionManager,marta_offline,offline-transition-manager.js,637,16,Object.go_offline_final [as goOfflineFinal],,"Starting offline mode transition... Offline case IDs: [""d055795e-593b-4fa4-8d0b-6d926681fcf7"",""a0103263-654c-4d21-818e-3ddc0e1b78ba""]",
2026-02-09T20:46:25.106Z,log,OfflineTransitionManager,marta_offline,offline-transition-manager.js,648,20,Object.go_offline_final [as goOfflineFinal],,Creating offline session,
2026-02-09T20:46:26.316Z,log,OfflineTransitionManager,marta_offline,offline-transition-manager.js,662,32,Object.go_offline_final [as goOfflineFinal],,"Offline session created successfully: {""auth_session"":null,""ok"":true,""id"":""ca8170de-b4c3-4f17-b40a-1220a5fca678"",""rev"":""1-1eb1dac2ce1e0770433b4179ba0df5a8"",""error_description"":null}",
2026-02-09T20:46:26.530Z,log,OfflineTransitionManager,marta_offline,offline-transition-manager.js,715,20,attempt_offline_transition,,Setting localStorage offline_session_id: ca8170de-b4c3-4f17-b40a-1220a5fca678,
2026-02-09T20:46:27.157Z,log,OfflineTransitionManager,marta_offline,offline-transition-manager.js,735,20,attempt_offline_transition,,Preparing service worker...,
2026-02-09T20:46:27.158Z,log,OfflineTransitionManager,marta_offline,offline-transition-manager.js,689,16,sync_log_data,,Syncing logs to server...,
2026-02-09T20:46:27.597Z,log,OfflineTransitionManager,marta_offline,offline-transition-manager.js,746,24,attempt_offline_transition,,Server service worker version: v114,
2026-02-09T20:46:27.778Z,log,OfflineTransitionManager,marta_offline,offline-transition-manager.js,759,20,attempt_offline_transition,,"Service worker registered: vv114, session: ca8170de-b4c3-4f17-b40a-1220a5fca678",
2026-02-09T20:46:27.779Z,log,OfflineTransitionManager,marta_offline,offline-transition-manager.js,766,24,attempt_offline_transition,,"Service worker is installing, sending SKIP_WAITING...",
2026-02-09T20:46:27.779Z,log,OfflineTransitionManager,marta_offline,offline-transition-manager.js,771,20,attempt_offline_transition,,Waiting for service worker to be ready...,
2026-02-09T20:46:27.856Z,log,OfflineTransitionManager,marta_offline,offline-transition-manager.js,693,24,sync_log_data,,Successfully synced 11 logs to server,
2026-02-09T20:46:28.093Z,log,OfflineTransitionManager,marta_offline,offline-transition-manager.js,778,24,attempt_offline_transition,,Service worker is ready,
2026-02-09T20:46:28.093Z,log,OfflineTransitionManager,marta_offline,offline-transition-manager.js,802,20,attempt_offline_transition,,Initializing new offline session...,
2026-02-09T20:46:28.094Z,log,ServiceWorkerManager,marta_offline,service-worker-manager.js,100,28,Object.initialize,,ServiceWorkerManager.session: Initializing new offline session...,
2026-02-09T20:46:28.095Z,log,ServiceWorker,marta_offline,service-worker.js,895,29,anonymous,,OFFLINE_SESSION_ID updated to: ca8170de-b4c3-4f17-b40a-1220a5fca678,
2026-02-09T20:46:28.096Z,log,ServiceWorker,marta_offline,service-worker.js,294,25,cacheStaticFilesForSession,,Caching static files for session to: mmria-static-v114-stable-session-1770669988094-41ea468b-937e-4e99-bdaf-5ae2bc633116,
2026-02-09T20:46:28.096Z,log,ServiceWorker,marta_offline,service-worker.js,276,21,initializeOfflineSessionCache,,"Updated cache names for session: {""static"":""mmria-static-v114-stable-session-1770669988094-41ea468b-937e-4e99-bdaf-5ae2bc633116"",""api"":""mmria-api-v114-stable-session-1770669988094-41ea468b-937e-4e99-bdaf-5ae2bc633116""}",
2026-02-09T20:46:28.096Z,log,ServiceWorker,marta_offline,service-worker.js,919,29,anonymous,,Received INIT_OFFLINE_SESSION message,
2026-02-09T20:46:28.096Z,log,ServiceWorker,marta_offline,service-worker.js,257,21,initializeOfflineSessionCache,,Initializing offline session cache for session: 1770669988094-41ea468b-937e-4e99-bdaf-5ae2bc633116,
2026-02-09T20:46:29.660Z,log,ServiceWorker,marta_offline,service-worker.js,312,25,cacheStaticFilesForSession,,Static file caching complete,
2026-02-09T20:46:29.660Z,log,ServiceWorker,marta_offline,service-worker.js,309,29,cacheStaticFilesForSession,,"✅ Successfully cached 129 static files: /css/bootstrap.min.css, /css/index.css, /TemplatePackage/4.0/assets/css/print.css, /css/animate.css, /styles/mmria-custom.css, /styles/template-package-override.css, /TemplatePackage/4.0/assets/vendor/css/bootstrap.css, /styles/mmria.css, /styles/d3/c3.min.css, /styles/jquery/jquery.timepicker.css, /styles/jquery/jquery.datetimepicker.css, /styles/bootstrap/bootstrap-datetimepicker.min.css, /styles/bootstrap/jquery.bootstrap-touchspin.min.css, /TemplatePackage/4.0/assets/css/app.min.css, /styles/bootstrap/bootstrap-timepicker.css, /styles/flatpickr/flatpickr.min.css, /styles/d3/c3/0.7.20/c3.min.css, /styles/trumbowyg/trumbowyg.min.css, /TemplatePackage/4.0/assets/fonts/open-sans-v15-latin-regular.woff2, /TemplatePackage/4.0/assets/fonts/merriweather-v19-latin-regular.woff2, /TemplatePackage/4.0/assets/fonts/cdciconfont.woff2, /TemplatePackage/4.0/assets/fonts/fontawesome-webfont.woff, /TemplatePackage/4.0/assets/fonts/cdciconfont.ttf, /TemplatePackage/4.0/assets/fonts/cdciconfont.eot, /TemplatePackage/4.0/assets/fonts/cdciconfont.woff, /TemplatePackage/4.0/assets/fonts/fontawesome-webfont.ttf, /TemplatePackage/4.0/assets/fonts/fontawesome-webfont.eot, /TemplatePackage/4.0/assets/fonts/glyphicons-halflings-regular.woff, /TemplatePackage/4.0/assets/fonts/lato-regular-webfont.woff, /TemplatePackage/4.0/assets/fonts/glyphicons-halflings-regular.eot, /TemplatePackage/4.0/assets/fonts/glyphicons-halflings-regular.ttf, /TemplatePackage/4.0/assets/fonts/lato-regular-webfont.ttf, /TemplatePackage/4.0/assets/fonts/lato-regular-webfont.eot, /TemplatePackage/4.0/assets/fonts/cdciconfont.woff2?2747808d2c4ae8c1059745ae5eddb65e, /TemplatePackage/4.0/assets/fonts/cdciconfont.woff?2747808d2c4ae8c1059745ae5eddb65e, /TemplatePackage/4.0/assets/fonts/cdciconfont.ttf?2747808d2c4ae8c1059745ae5eddb65e, /js/jquery.min.js, /js/bootstrap.min.js, /js/jquery.easing.min.js, /js/wow.js, /js/jquery.bxslider.min.js, /TemplatePackage/4.0/assets/vendor/js/jquery.min.js, /TemplatePackage/4.0/assets/vendor/js/bootstrap.min.js, /scripts/jquery-ui.min.js, /scripts/jquery-3.1.1.min.js, /scripts/jquery/moment.js, /scripts/jquery/jquery.timepicker.js, /scripts/jquery/jquery.numeric.min.js, /scripts/jquery/jquery.datetimepicker.js, /scripts/bootstrap/bootstrap-datetimepicker.min.js, /scripts/bootstrap/jquery.bootstrap-touchspin.min.js, /scripts/bootstrap/bootstrap-timepicker.js, /scripts/esprima.js, /scripts/escodegen.browser.js, /scripts/peg.js/0.10.0/peg.js, /scripts/rxjs/7.5.5/rxjs.umd.min.js, /scripts/d3/c3.min.js, /scripts/d3/d3.min.js, /scripts/trumbowyg/trumbowyg.min.js, /scripts/d3/d3/v5/d3.v5.min.js, /scripts/d3/c3/0.7.20/c3.min.js, /scripts/trumbowyg/trumbowyg.colors.min.js, /scripts/trumbowyg/trumbowyg.fontsize.min.js, /scripts/mmria.js, /scripts/mmria-custom.js, /scripts/metadata_summary.js, /scripts/editor/page_renderer/app.mmria.js, /scripts/editor/page_renderer/string.js, /scripts/editor/page_renderer/number.js, /scripts/editor/page_renderer.js, /scripts/editor/page_renderer/textarea.js, /scripts/editor/page_renderer/html_area.js, /scripts/editor/page_renderer/time.js, /scripts/editor/page_renderer/boolean.js, /scripts/editor/page_renderer/datetime.js, /scripts/editor/page_renderer/chart.js, /scripts/editor/page_renderer/form.mmria.js, /scripts/editor/page_renderer/date.mmria.js, /scripts/editor/page_renderer/form.pmss.attachment.js, /scripts/editor/page_renderer/grid.js, /scripts/editor/page_renderer/group.js, /scripts/editor/page_renderer/hidden.js, /scripts/editor/page_renderer/label.js, /scripts/editor/page_renderer/jurisdiction.js, /scripts/editor/navigation_renderer.js, /scripts/editor/page_renderer/list.js, /scripts/editor/apply_sort.js, /scripts/case/search_view.js, /scripts/case/index.mmria.js, /scripts/case/conversion-calculator.js, /scripts/case/index.js, /scripts/pdf-version/index.js, /scripts/pdf-version/chart.min.js, /scripts/data_access.js, /scripts/pdf-version/vfs_fonts.js, /scripts/pdf-version/pdfmake.min.js, /scripts/create_default_object.js, /scripts/url_monitor.js, /scripts/offline/offline-session-validator.js, /scripts/offline/offline-utils.js, /scripts/flatpickr/flatpickr.js, /scripts/offline/offline-change-tracker.js, /scripts/offline/offline-network-monitor.js, /scripts/offline/offline-sync-manager.js, /scripts/offline/offline-case-manager.js, /scripts/offline/offline-navigation-manager.js, /scripts/offline/offline-status-manager.js, /scripts/offline/offline-modals.js, /scripts/offline/offline-ui-renderer.js, /scripts/offline/offline-transition-manager.js, /scripts/offline/offline-logout-button.js, /scripts/offline/offline-home-page.js, /scripts/offline/offline-debug-modal.js, /scripts/offline/offline-session-manager.js, /scripts/offline/service-worker-manager.js, /scripts/offline/offline-logger.js, /scripts/Home/index.js, /TemplatePackage/4.0/assets/imgs/favicon.ico, /img/offline-info.svg, /img/online-go.svg, /img/icon_pin.png, /img/icon_unpin.png, /favicon.ico, /img/icon_error.svg, /scripts/Account/offline_key_login.js, /img/offline-index.svg, /images/mmria-secondary.png, /scripts/shared/logout-handler.js, /images/mmria-secondary.svg",
2026-02-09T20:46:29.661Z,log,ServiceWorker,marta_offline,service-worker.js,325,25,cacheApiRoutesForSession,,Caching API routes for session to: mmria-api-v114-stable-session-1770669988094-41ea468b-937e-4e99-bdaf-5ae2bc633116,
2026-02-09T20:46:31.594Z,log,ServiceWorker,marta_offline,service-worker.js,395,29,cacheApiRoutesForSession,,"✅ Cached 9 API routes: /Case, /case, /Home/Index, /, /Account/Offlinelogin, /pdf-version, /pdf-version/, /pdf-version/index.html, /api/OfflineCase/cache-version",
2026-02-09T20:46:31.595Z,log,ServiceWorker,marta_offline,service-worker.js,441,25,clearPreviousSessionCaches,,Found caches to clear: [],
2026-02-09T20:46:31.595Z,log,ServiceWorker,marta_offline,service-worker.js,398,25,cacheApiRoutesForSession,,API routes caching complete for session: 1770669988094-41ea468b-937e-4e99-bdaf-5ae2bc633116,
2026-02-09T20:46:31.595Z,log,ServiceWorker,marta_offline,service-worker.js,426,25,clearPreviousSessionCaches,,Clearing all non-current session caches...,
2026-02-09T20:46:31.596Z,log,ServiceWorker,marta_offline,service-worker.js,448,25,clearPreviousSessionCaches,,Cache cleanup complete,
2026-02-09T20:46:31.597Z,log,ServiceWorkerManager,marta_offline,service-worker-manager.js,124,40,messageChannel.port1.onmessage,,Session initialized successfully: 1770669988094-41ea468b-937e-4e99-bdaf-5ae2bc633116,
2026-02-09T20:46:31.597Z,log,ServiceWorker,marta_offline,service-worker.js,914,29,anonymous,,Received CLAIM_CLIENTS message,
2026-02-09T20:46:31.624Z,log,ServiceWorker,marta_offline,service-worker.js,958,29,anonymous,,Received CACHE_OFFLINE_SESSION_DATA message,
2026-02-09T20:46:31.624Z,log,ServiceWorker,marta_offline,service-worker.js,3425,25,handleCacheOfflineSessionData,,Incoming session ID: ca8170de-b4c3-4f17-b40a-1220a5fca678,
2026-02-09T20:46:31.624Z,log,ServiceWorker,marta_offline,service-worker.js,3424,25,handleCacheOfflineSessionData,,Caching offline session data...,
2026-02-09T20:46:31.625Z,log,ServiceWorker,marta_offline,service-worker.js,502,29,getActiveApiCacheName,,Using active session cache: mmria-api-v114-stable-session-1770669988094-41ea468b-937e-4e99-bdaf-5ae2bc633116,
2026-02-09T20:46:31.632Z,log,ServiceWorker,marta_offline,service-worker.js,3458,29,handleCacheOfflineSessionData,,New or different session detected - cleaning up old session data...,
2026-02-09T20:46:31.633Z,log,ServiceWorker,marta_offline,service-worker.js,3481,29,handleCacheOfflineSessionData,,Cleanup complete - deleted 0 old session(s) and 0 attempt counter(s),
2026-02-09T20:46:31.639Z,log,ServiceWorker,marta_offline,service-worker.js,3496,25,handleCacheOfflineSessionData,,Offline session data cached successfully for session: ca8170de-b4c3-4f17-b40a-1220a5fca678,
2026-02-09T20:46:31.640Z,log,ServiceWorker,marta_offline,service-worker.js,969,29,anonymous,,Received SET_OFFLINE_ENCRYPTION_KEY,
2026-02-09T20:46:32.153Z,log,OfflineTransitionManager,marta_offline,offline-transition-manager.js,879,20,attempt_offline_transition,,Encryption key set and ready,
2026-02-09T20:46:32.153Z,log,OfflineTransitionManager,marta_offline,offline-transition-manager.js,896,20,attempt_offline_transition,,Caching offline resources for 2 case(s)...,
2026-02-09T20:46:32.153Z,log,OfflineTransitionManager,marta_offline,offline-transition-manager.js,894,20,attempt_offline_transition,,Service worker keep-alive started,
2026-02-09T20:46:32.154Z,log,ServiceWorkerManager,marta_offline,service-worker-manager.js,288,20,Object.prefetchCases,,Pre-fetching 2 offline cases...,
2026-02-09T20:46:32.158Z,log,ServiceWorker,marta_offline,service-worker.js,1373,25,anonymous,,🎯 Routing API request to handleApiRequest: /api/case,
2026-02-09T20:46:32.160Z,log,ServiceWorker,marta_offline,service-worker.js,1461,21,handleApiRequest,,🔍 Service Worker: handleApiRequest called for: /api/case?case_id=d055795e-593b-4fa4-8d0b-6d926681fcf7,
2026-02-09T20:46:32.160Z,log,ServiceWorker,marta_offline,service-worker.js,1462,21,handleApiRequest,,🔍 Service Worker: Full URL: https://test-mmria.apps.ecpaas-dev.cdc.gov/api/case?case_id=d055795e-593b-4fa4-8d0b-6d926681fcf7,
2026-02-09T20:46:32.161Z,log,ServiceWorker,marta_offline,service-worker.js,1463,21,handleApiRequest,,🔍 Service Worker: Request method: GET,
2026-02-09T20:46:32.162Z,log,ServiceWorker,marta_offline,service-worker.js,1475,25,handleApiRequest,,✅ Cache-first strategy for: /api/case?case_id=d055795e-593b-4fa4-8d0b-6d926681fcf7,
2026-02-09T20:46:32.163Z,log,ServiceWorker,marta_offline,service-worker.js,2105,29,isUserInOfflineMode,,Using cached offline status: false,
2026-02-09T20:46:32.164Z,log,ServiceWorker,marta_offline,service-worker.js,2202,29,hasActiveOfflineSession,,Using cached active offline session status: false,
2026-02-09T20:46:32.165Z,log,ServiceWorker,marta_offline,service-worker.js,1556,33,handleApiRequest,,"Cache miss, trying network: /api/case",
2026-02-09T20:46:33.774Z,log,ServiceWorker,marta_offline,service-worker.js,502,29,getActiveApiCacheName,,Using active session cache: mmria-api-v114-stable-session-1770669988094-41ea468b-937e-4e99-bdaf-5ae2bc633116,
2026-02-09T20:46:33.802Z,log,ServiceWorker,marta_offline,service-worker.js,1571,45,handleApiRequest,,Cached case response ENCRYPTED from network,
2026-02-09T20:46:33.804Z,log,ServiceWorker,marta_offline,service-worker.js,1578,37,handleApiRequest,,✅ Cached response from network: https://test-mmria.apps.ecpaas-dev.cdc.gov/api/case?case_id=d055795e-593b-4fa4-8d0b-6d926681fcf7,
2026-02-09T20:46:33.808Z,log,ServiceWorker,marta_offline,service-worker.js,1463,21,handleApiRequest,,🔍 Service Worker: Request method: GET,
2026-02-09T20:46:33.808Z,log,ServiceWorker,marta_offline,service-worker.js,1461,21,handleApiRequest,,🔍 Service Worker: handleApiRequest called for: /api/case?case_id=a0103263-654c-4d21-818e-3ddc0e1b78ba,
2026-02-09T20:46:33.808Z,log,ServiceWorker,marta_offline,service-worker.js,1462,21,handleApiRequest,,🔍 Service Worker: Full URL: https://test-mmria.apps.ecpaas-dev.cdc.gov/api/case?case_id=a0103263-654c-4d21-818e-3ddc0e1b78ba,
2026-02-09T20:46:33.808Z,log,ServiceWorker,marta_offline,service-worker.js,1373,25,anonymous,,🎯 Routing API request to handleApiRequest: /api/case,
2026-02-09T20:46:33.808Z,log,ServiceWorker,marta_offline,service-worker.js,1475,25,handleApiRequest,,✅ Cache-first strategy for: /api/case?case_id=a0103263-654c-4d21-818e-3ddc0e1b78ba,
2026-02-09T20:46:33.809Z,log,ServiceWorker,marta_offline,service-worker.js,2600,25,cacheCaseData,,Starting to cache case d055795e-593b-4fa4-8d0b-6d926681fcf7,
2026-02-09T20:46:33.809Z,log,ServiceWorker,marta_offline,service-worker.js,875,29,anonymous,,Caching case data for: d055795e-593b-4fa4-8d0b-6d926681fcf7,
2026-02-09T20:46:33.809Z,log,ServiceWorker,marta_offline,service-worker.js,502,29,getActiveApiCacheName,,Using active session cache: mmria-api-v114-stable-session-1770669988094-41ea468b-937e-4e99-bdaf-5ae2bc633116,
2026-02-09T20:46:33.810Z,log,ServiceWorker,marta_offline,service-worker.js,1556,33,handleApiRequest,,"Cache miss, trying network: /api/case",
2026-02-09T20:46:33.810Z,log,ServiceWorker,marta_offline,service-worker.js,2202,29,hasActiveOfflineSession,,Using cached active offline session status: false,
2026-02-09T20:46:33.810Z,log,ServiceWorker,marta_offline,service-worker.js,2105,29,isUserInOfflineMode,,Using cached offline status: false,
2026-02-09T20:46:33.812Z,log,ServiceWorker,marta_offline,service-worker.js,2616,33,cacheCaseData,,Stored case d055795e-593b-4fa4-8d0b-6d926681fcf7 ENCRYPTED in cache,
2026-02-09T20:46:33.821Z,log,ServiceWorker,marta_offline,service-worker.js,2625,25,cacheCaseData,,Successfully cached case data for: d055795e-593b-4fa4-8d0b-6d926681fcf7 at URL: /api/case?case_id=d055795e-593b-4fa4-8d0b-6d926681fcf7,
2026-02-09T20:46:33.824Z,log,ServiceWorker,marta_offline,service-worker.js,2630,29,cacheCaseData,,Verification successful - case d055795e-593b-4fa4-8d0b-6d926681fcf7 is in cache (encrypted=true),
2026-02-09T20:46:34.195Z,log,ServiceWorker,marta_offline,service-worker.js,502,29,getActiveApiCacheName,,Using active session cache: mmria-api-v114-stable-session-1770669988094-41ea468b-937e-4e99-bdaf-5ae2bc633116,
2026-02-09T20:46:34.220Z,log,ServiceWorker,marta_offline,service-worker.js,1571,45,handleApiRequest,,Cached case response ENCRYPTED from network,
2026-02-09T20:46:34.221Z,log,ServiceWorker,marta_offline,service-worker.js,1578,37,handleApiRequest,,✅ Cached response from network: https://test-mmria.apps.ecpaas-dev.cdc.gov/api/case?case_id=a0103263-654c-4d21-818e-3ddc0e1b78ba,
2026-02-09T20:46:34.222Z,log,ServiceWorkerManager,marta_offline,service-worker-manager.js,335,24,Object.prefetchCases,,"Prefetch complete - 2 cached, 0 failed",
2026-02-09T20:46:34.223Z,log,ServiceWorker,marta_offline,service-worker.js,2600,25,cacheCaseData,,Starting to cache case a0103263-654c-4d21-818e-3ddc0e1b78ba,
2026-02-09T20:46:34.223Z,log,ServiceWorker,marta_offline,service-worker.js,875,29,anonymous,,Caching case data for: a0103263-654c-4d21-818e-3ddc0e1b78ba,
2026-02-09T20:46:34.224Z,log,ServiceWorker,marta_offline,service-worker.js,502,29,getActiveApiCacheName,,Using active session cache: mmria-api-v114-stable-session-1770669988094-41ea468b-937e-4e99-bdaf-5ae2bc633116,
2026-02-09T20:46:34.224Z,log,ServiceWorker,marta_offline,service-worker.js,2290,21,handlePageRequest,,Handling page request for: /Case,
2026-02-09T20:46:34.225Z,log,ServiceWorker,marta_offline,service-worker.js,2202,29,hasActiveOfflineSession,,Using cached active offline session status: false,
2026-02-09T20:46:34.225Z,log,ServiceWorker,marta_offline,service-worker.js,2381,25,handlePageRequest,,"Online detected, trying network first for: /Case",
2026-02-09T20:46:34.225Z,log,ServiceWorker,marta_offline,service-worker.js,2105,29,isUserInOfflineMode,,Using cached offline status: false,
2026-02-09T20:46:34.229Z,log,ServiceWorker,marta_offline,service-worker.js,2616,33,cacheCaseData,,Stored case a0103263-654c-4d21-818e-3ddc0e1b78ba ENCRYPTED in cache,
2026-02-09T20:46:34.239Z,log,ServiceWorker,marta_offline,service-worker.js,2625,25,cacheCaseData,,Successfully cached case data for: a0103263-654c-4d21-818e-3ddc0e1b78ba at URL: /api/case?case_id=a0103263-654c-4d21-818e-3ddc0e1b78ba,
2026-02-09T20:46:34.243Z,log,ServiceWorker,marta_offline,service-worker.js,2630,29,cacheCaseData,,Verification successful - case a0103263-654c-4d21-818e-3ddc0e1b78ba is in cache (encrypted=true),
2026-02-09T20:46:34.491Z,log,ServiceWorker,marta_offline,service-worker.js,502,29,getActiveApiCacheName,,Using active session cache: mmria-api-v114-stable-session-1770669988094-41ea468b-937e-4e99-bdaf-5ae2bc633116,
2026-02-09T20:46:34.523Z,log,ServiceWorker,marta_offline,service-worker.js,2392,33,handlePageRequest,,✅ Cached page from network: /Case,
2026-02-09T20:46:34.525Z,log,ServiceWorkerManager,marta_offline,service-worker-manager.js,369,24,Object.precachePages,,Essential pages pre-cached,
2026-02-09T20:46:34.527Z,log,ServiceWorker,marta_offline,service-worker.js,1461,21,handleApiRequest,,🔍 Service Worker: handleApiRequest called for: /api/version/release-version,
2026-02-09T20:46:34.527Z,log,ServiceWorker,marta_offline,service-worker.js,1373,25,anonymous,,🎯 Routing API request to handleApiRequest: /api/version/release-version,
2026-02-09T20:46:34.528Z,log,ServiceWorker,marta_offline,service-worker.js,1462,21,handleApiRequest,,🔍 Service Worker: Full URL: https://test-mmria.apps.ecpaas-dev.cdc.gov/api/version/release-version,
2026-02-09T20:46:34.529Z,log,ServiceWorker,marta_offline,service-worker.js,1463,21,handleApiRequest,,🔍 Service Worker: Request method: GET,
2026-02-09T20:46:34.529Z,log,ServiceWorker,marta_offline,service-worker.js,1475,25,handleApiRequest,,✅ Cache-first strategy for: /api/version/release-version,
2026-02-09T20:46:34.530Z,log,ServiceWorker,marta_offline,service-worker.js,1556,33,handleApiRequest,,"Cache miss, trying network: /api/version/release-version",
2026-02-09T20:46:34.530Z,log,ServiceWorker,marta_offline,service-worker.js,2105,29,isUserInOfflineMode,,Using cached offline status: false,
2026-02-09T20:46:34.530Z,log,ServiceWorker,marta_offline,service-worker.js,2202,29,hasActiveOfflineSession,,Using cached active offline session status: false,
2026-02-09T20:46:34.988Z,log,ServiceWorker,marta_offline,service-worker.js,502,29,getActiveApiCacheName,,Using active session cache: mmria-api-v114-stable-session-1770669988094-41ea468b-937e-4e99-bdaf-5ae2bc633116,
2026-02-09T20:46:34.989Z,log,ServiceWorker,marta_offline,service-worker.js,1578,37,handleApiRequest,,✅ Cached response from network: https://test-mmria.apps.ecpaas-dev.cdc.gov/api/version/release-version,
2026-02-09T20:46:34.990Z,log,ServiceWorker,marta_offline,service-worker.js,882,29,anonymous,,Caching metadata resources for version: 26.01.20,
2026-02-09T20:46:34.991Z,log,ServiceWorker,marta_offline,service-worker.js,2643,25,cacheMetadataResources,,Starting to cache metadata resources for version: 26.01.20,
2026-02-09T20:46:34.992Z,log,ServiceWorker,marta_offline,service-worker.js,2673,25,cacheMetadataResources,,Will attempt to cache 7 metadata endpoints,
2026-02-09T20:46:34.992Z,log,ServiceWorker,marta_offline,service-worker.js,2678,33,cacheMetadataResources,,Fetching and caching: https://test-mmria.apps.ecpaas-dev.cdc.gov/api/version/26.01.20/metadata,
2026-02-09T20:46:35.454Z,log,ServiceWorker,marta_offline,service-worker.js,2690,37,cacheMetadataResources,,✅ Successfully cached: /api/version/26.01.20/metadata,
2026-02-09T20:46:35.459Z,log,ServiceWorker,marta_offline,service-worker.js,2698,45,cacheMetadataResources,,Cached metadata name: mmria,
2026-02-09T20:46:35.459Z,log,ServiceWorker,marta_offline,service-worker.js,2678,33,cacheMetadataResources,,Fetching and caching: https://test-mmria.apps.ecpaas-dev.cdc.gov/api/version/26.01.20/ui_specification,
2026-02-09T20:46:35.459Z,log,ServiceWorker,marta_offline,service-worker.js,2697,45,cacheMetadataResources,,Cached metadata _id: 2016-06-12T13:49:24.759Z,
2026-02-09T20:46:35.459Z,log,ServiceWorker,marta_offline,service-worker.js,2696,45,cacheMetadataResources,,Cached metadata has 26 children,
2026-02-09T20:46:35.848Z,log,ServiceWorker,marta_offline,service-worker.js,2690,37,cacheMetadataResources,,✅ Successfully cached: /api/version/26.01.20/ui_specification,
2026-02-09T20:46:35.849Z,log,ServiceWorker,marta_offline,service-worker.js,2678,33,cacheMetadataResources,,Fetching and caching: https://test-mmria.apps.ecpaas-dev.cdc.gov/api/version/26.01.20/validation,
2026-02-09T20:46:36.325Z,log,ServiceWorker,marta_offline,service-worker.js,2690,37,cacheMetadataResources,,✅ Successfully cached: /api/version/26.01.20/validation,
2026-02-09T20:46:36.325Z,log,ServiceWorker,marta_offline,service-worker.js,2678,33,cacheMetadataResources,,Fetching and caching: https://test-mmria.apps.ecpaas-dev.cdc.gov/api/version/release-version,
2026-02-09T20:46:36.676Z,log,ServiceWorker,marta_offline,service-worker.js,2690,37,cacheMetadataResources,,✅ Successfully cached: /api/version/release-version,
2026-02-09T20:46:36.676Z,log,ServiceWorker,marta_offline,service-worker.js,2678,33,cacheMetadataResources,,Fetching and caching: https://test-mmria.apps.ecpaas-dev.cdc.gov/api/metadata,
2026-02-09T20:46:37.543Z,log,ServiceWorker,marta_offline,service-worker.js,2690,37,cacheMetadataResources,,✅ Successfully cached: /api/metadata,
2026-02-09T20:46:37.550Z,log,ServiceWorker,marta_offline,service-worker.js,2698,45,cacheMetadataResources,,Cached metadata name: mmria,
2026-02-09T20:46:37.550Z,log,ServiceWorker,marta_offline,service-worker.js,2696,45,cacheMetadataResources,,Cached metadata has 26 children,
2026-02-09T20:46:37.550Z,log,ServiceWorker,marta_offline,service-worker.js,2697,45,cacheMetadataResources,,Cached metadata _id: 2016-06-12T13:49:24.759Z,
2026-02-09T20:46:37.551Z,log,ServiceWorker,marta_offline,service-worker.js,2678,33,cacheMetadataResources,,Fetching and caching: https://test-mmria.apps.ecpaas-dev.cdc.gov/api/metadata/version_specification,
2026-02-09T20:46:37.868Z,log,ServiceWorker,marta_offline,service-worker.js,2690,37,cacheMetadataResources,,✅ Successfully cached: /api/metadata/version_specification,
2026-02-09T20:46:37.869Z,log,ServiceWorker,marta_offline,service-worker.js,2703,41,cacheMetadataResources,,Cached version specification (JavaScript content),
2026-02-09T20:46:37.869Z,log,ServiceWorker,marta_offline,service-worker.js,2678,33,cacheMetadataResources,,Fetching and caching: https://test-mmria.apps.ecpaas-dev.cdc.gov/api/jurisdiction_tree,
2026-02-09T20:46:38.006Z,log,ServiceWorker,marta_offline,service-worker.js,1373,25,anonymous,,🎯 Routing API request to handleApiRequest: /api/version/26.01.20/metadata,
2026-02-09T20:46:38.007Z,log,ServiceWorker,marta_offline,service-worker.js,1461,21,handleApiRequest,,🔍 Service Worker: handleApiRequest called for: /api/version/26.01.20/metadata,
2026-02-09T20:46:38.008Z,log,ServiceWorker,marta_offline,service-worker.js,1463,21,handleApiRequest,,🔍 Service Worker: Request method: GET,
2026-02-09T20:46:38.008Z,log,ServiceWorker,marta_offline,service-worker.js,1462,21,handleApiRequest,,🔍 Service Worker: Full URL: https://test-mmria.apps.ecpaas-dev.cdc.gov/api/version/26.01.20/metadata,
2026-02-09T20:46:38.009Z,log,ServiceWorker,marta_offline,service-worker.js,1475,25,handleApiRequest,,✅ Cache-first strategy for: /api/version/26.01.20/metadata,
2026-02-09T20:46:38.010Z,log,ServiceWorker,marta_offline,service-worker.js,1513,29,handleApiRequest,,✅ Cache hit: /api/version/26.01.20/metadata,
2026-02-09T20:46:38.012Z,log,ServiceWorker,marta_offline,service-worker.js,1373,25,anonymous,,🎯 Routing API request to handleApiRequest: /api/version/26.01.20/ui_specification,
2026-02-09T20:46:38.012Z,log,ServiceWorker,marta_offline,service-worker.js,1462,21,handleApiRequest,,🔍 Service Worker: Full URL: https://test-mmria.apps.ecpaas-dev.cdc.gov/api/version/26.01.20/ui_specification,
2026-02-09T20:46:38.012Z,log,ServiceWorker,marta_offline,service-worker.js,1463,21,handleApiRequest,,🔍 Service Worker: Request method: GET,
2026-02-09T20:46:38.012Z,log,ServiceWorker,marta_offline,service-worker.js,1461,21,handleApiRequest,,🔍 Service Worker: handleApiRequest called for: /api/version/26.01.20/ui_specification,
2026-02-09T20:46:38.012Z,log,ServiceWorker,marta_offline,service-worker.js,1475,25,handleApiRequest,,✅ Cache-first strategy for: /api/version/26.01.20/ui_specification,
2026-02-09T20:46:38.013Z,log,ServiceWorker,marta_offline,service-worker.js,1513,29,handleApiRequest,,✅ Cache hit: /api/version/26.01.20/ui_specification,
2026-02-09T20:46:38.015Z,log,ServiceWorker,marta_offline,service-worker.js,1461,21,handleApiRequest,,🔍 Service Worker: handleApiRequest called for: /api/version/26.01.20/validation,
2026-02-09T20:46:38.015Z,log,ServiceWorker,marta_offline,service-worker.js,1475,25,handleApiRequest,,✅ Cache-first strategy for: /api/version/26.01.20/validation,
2026-02-09T20:46:38.015Z,log,ServiceWorker,marta_offline,service-worker.js,1462,21,handleApiRequest,,🔍 Service Worker: Full URL: https://test-mmria.apps.ecpaas-dev.cdc.gov/api/version/26.01.20/validation,
2026-02-09T20:46:38.015Z,log,ServiceWorker,marta_offline,service-worker.js,1463,21,handleApiRequest,,🔍 Service Worker: Request method: GET,
2026-02-09T20:46:38.015Z,log,ServiceWorker,marta_offline,service-worker.js,1373,25,anonymous,,🎯 Routing API request to handleApiRequest: /api/version/26.01.20/validation,
2026-02-09T20:46:38.016Z,log,ServiceWorker,marta_offline,service-worker.js,1513,29,handleApiRequest,,✅ Cache hit: /api/version/26.01.20/validation,
2026-02-09T20:46:38.017Z,log,ServiceWorker,marta_offline,service-worker.js,1461,21,handleApiRequest,,🔍 Service Worker: handleApiRequest called for: /_users/GetFormAccess,
2026-02-09T20:46:38.017Z,log,ServiceWorker,marta_offline,service-worker.js,1373,25,anonymous,,🎯 Routing API request to handleApiRequest: /_users/GetFormAccess,
2026-02-09T20:46:38.017Z,log,ServiceWorker,marta_offline,service-worker.js,1462,21,handleApiRequest,,🔍 Service Worker: Full URL: https://test-mmria.apps.ecpaas-dev.cdc.gov/_users/GetFormAccess,
2026-02-09T20:46:38.018Z,log,ServiceWorker,marta_offline,service-worker.js,1463,21,handleApiRequest,,🔍 Service Worker: Request method: GET,
2026-02-09T20:46:38.018Z,log,ServiceWorker,marta_offline,service-worker.js,1475,25,handleApiRequest,,✅ Cache-first strategy for: /_users/GetFormAccess,
2026-02-09T20:46:38.019Z,log,ServiceWorker,marta_offline,service-worker.js,2202,29,hasActiveOfflineSession,,Using cached active offline session status: false,
2026-02-09T20:46:38.019Z,log,ServiceWorker,marta_offline,service-worker.js,1556,33,handleApiRequest,,"Cache miss, trying network: /_users/GetFormAccess",
2026-02-09T20:46:38.019Z,log,ServiceWorker,marta_offline,service-worker.js,2105,29,isUserInOfflineMode,,Using cached offline status: false,
2026-02-09T20:46:38.207Z,log,ServiceWorker,marta_offline,service-worker.js,2690,37,cacheMetadataResources,,✅ Successfully cached: /api/jurisdiction_tree,
2026-02-09T20:46:38.208Z,log,ServiceWorker,marta_offline,service-worker.js,2718,25,cacheMetadataResources,,"Metadata caching complete. ✅ Cached: 7, ❌ Failed: 0",
2026-02-09T20:46:38.219Z,log,ServiceWorker,marta_offline,service-worker.js,2726,33,cacheMetadataResources,,✅ Verification successful - metadata has 26 children,
2026-02-09T20:46:38.219Z,log,ServiceWorker,marta_offline,service-worker.js,2755,33,cacheMetadataResources,,Fetching and caching additional endpoint: https://test-mmria.apps.ecpaas-dev.cdc.gov/_users/GetFormAccess,
2026-02-09T20:46:38.219Z,log,ServiceWorker,marta_offline,service-worker.js,2747,25,cacheMetadataResources,,Caching 4 additional endpoints...,
2026-02-09T20:46:38.390Z,log,ServiceWorker,marta_offline,service-worker.js,502,29,getActiveApiCacheName,,Using active session cache: mmria-api-v114-stable-session-1770669988094-41ea468b-937e-4e99-bdaf-5ae2bc633116,
2026-02-09T20:46:38.391Z,log,ServiceWorker,marta_offline,service-worker.js,1578,37,handleApiRequest,,✅ Cached response from network: https://test-mmria.apps.ecpaas-dev.cdc.gov/_users/GetFormAccess,
2026-02-09T20:46:38.394Z,log,ServiceWorker,marta_offline,service-worker.js,1373,25,anonymous,,🎯 Routing API request to handleApiRequest: /api/user/my-user,
2026-02-09T20:46:38.395Z,log,ServiceWorker,marta_offline,service-worker.js,1463,21,handleApiRequest,,🔍 Service Worker: Request method: GET,
2026-02-09T20:46:38.395Z,log,ServiceWorker,marta_offline,service-worker.js,1462,21,handleApiRequest,,🔍 Service Worker: Full URL: https://test-mmria.apps.ecpaas-dev.cdc.gov/api/user/my-user,
2026-02-09T20:46:38.395Z,log,ServiceWorker,marta_offline,service-worker.js,1461,21,handleApiRequest,,🔍 Service Worker: handleApiRequest called for: /api/user/my-user,
2026-02-09T20:46:38.396Z,log,ServiceWorker,marta_offline,service-worker.js,1475,25,handleApiRequest,,✅ Cache-first strategy for: /api/user/my-user,
2026-02-09T20:46:38.398Z,log,ServiceWorker,marta_offline,service-worker.js,2105,29,isUserInOfflineMode,,Using cached offline status: false,
2026-02-09T20:46:38.398Z,log,ServiceWorker,marta_offline,service-worker.js,2202,29,hasActiveOfflineSession,,Using cached active offline session status: false,
2026-02-09T20:46:38.398Z,log,ServiceWorker,marta_offline,service-worker.js,1556,33,handleApiRequest,,"Cache miss, trying network: /api/user/my-user",
2026-02-09T20:46:38.806Z,log,ServiceWorker,marta_offline,service-worker.js,2755,33,cacheMetadataResources,,Fetching and caching additional endpoint: https://test-mmria.apps.ecpaas-dev.cdc.gov/api/user/my-user,
2026-02-09T20:46:38.806Z,log,ServiceWorker,marta_offline,service-worker.js,2765,37,cacheMetadataResources,,✅ Successfully cached additional endpoint: /_users/GetFormAccess,
2026-02-09T20:46:38.988Z,log,ServiceWorker,marta_offline,service-worker.js,502,29,getActiveApiCacheName,,Using active session cache: mmria-api-v114-stable-session-1770669988094-41ea468b-937e-4e99-bdaf-5ae2bc633116,
2026-02-09T20:46:38.989Z,log,ServiceWorker,marta_offline,service-worker.js,1578,37,handleApiRequest,,✅ Cached response from network: https://test-mmria.apps.ecpaas-dev.cdc.gov/api/user/my-user,
2026-02-09T20:46:38.991Z,log,ServiceWorker,marta_offline,service-worker.js,1462,21,handleApiRequest,,🔍 Service Worker: Full URL: https://test-mmria.apps.ecpaas-dev.cdc.gov/api/user_role_jurisdiction_view/my-roles,
2026-02-09T20:46:38.991Z,log,ServiceWorker,marta_offline,service-worker.js,1373,25,anonymous,,🎯 Routing API request to handleApiRequest: /api/user_role_jurisdiction_view/my-roles,
2026-02-09T20:46:38.991Z,log,ServiceWorker,marta_offline,service-worker.js,1461,21,handleApiRequest,,🔍 Service Worker: handleApiRequest called for: /api/user_role_jurisdiction_view/my-roles,
2026-02-09T20:46:38.992Z,log,ServiceWorker,marta_offline,service-worker.js,1463,21,handleApiRequest,,🔍 Service Worker: Request method: GET,
2026-02-09T20:46:38.992Z,log,ServiceWorker,marta_offline,service-worker.js,1475,25,handleApiRequest,,✅ Cache-first strategy for: /api/user_role_jurisdiction_view/my-roles,
2026-02-09T20:46:38.994Z,log,ServiceWorker,marta_offline,service-worker.js,2202,29,hasActiveOfflineSession,,Using cached active offline session status: false,
2026-02-09T20:46:38.994Z,log,ServiceWorker,marta_offline,service-worker.js,2105,29,isUserInOfflineMode,,Using cached offline status: false,
2026-02-09T20:46:38.994Z,log,ServiceWorker,marta_offline,service-worker.js,1556,33,handleApiRequest,,"Cache miss, trying network: /api/user_role_jurisdiction_view/my-roles",
2026-02-09T20:46:39.575Z,log,ServiceWorker,marta_offline,service-worker.js,2765,37,cacheMetadataResources,,✅ Successfully cached additional endpoint: /api/user/my-user,
2026-02-09T20:46:39.576Z,log,ServiceWorker,marta_offline,service-worker.js,2755,33,cacheMetadataResources,,Fetching and caching additional endpoint: https://test-mmria.apps.ecpaas-dev.cdc.gov/api/user_role_jurisdiction_view/my-roles,
2026-02-09T20:46:40.159Z,log,ServiceWorker,marta_offline,service-worker.js,502,29,getActiveApiCacheName,,Using active session cache: mmria-api-v114-stable-session-1770669988094-41ea468b-937e-4e99-bdaf-5ae2bc633116,
2026-02-09T20:46:40.160Z,log,ServiceWorker,marta_offline,service-worker.js,1578,37,handleApiRequest,,✅ Cached response from network: https://test-mmria.apps.ecpaas-dev.cdc.gov/api/user_role_jurisdiction_view/my-roles,
2026-02-09T20:46:40.161Z,log,ServiceWorkerManager,marta_offline,service-worker-manager.js,441,24,Object.cacheMetadata,,Metadata caching completed,
2026-02-09T20:46:40.162Z,log,ServiceWorker,marta_offline,service-worker.js,1463,21,handleApiRequest,,🔍 Service Worker: Request method: POST,
2026-02-09T20:46:40.162Z,log,ServiceWorker,marta_offline,service-worker.js,1461,21,handleApiRequest,,🔍 Service Worker: handleApiRequest called for: /api/offlinecase/create-offline-auth-token,
2026-02-09T20:46:40.162Z,log,ServiceWorker,marta_offline,service-worker.js,1373,25,anonymous,,🎯 Routing API request to handleApiRequest: /api/offlinecase/create-offline-auth-token,
2026-02-09T20:46:40.162Z,log,ServiceWorker,marta_offline,service-worker.js,1462,21,handleApiRequest,,🔍 Service Worker: Full URL: https://test-mmria.apps.ecpaas-dev.cdc.gov/api/offlinecase/create-offline-auth-token,
2026-02-09T20:46:40.163Z,log,ServiceWorker,marta_offline,service-worker.js,2202,29,hasActiveOfflineSession,,Using cached active offline session status: false,
2026-02-09T20:46:40.163Z,log,ServiceWorker,marta_offline,service-worker.js,2105,29,isUserInOfflineMode,,Using cached offline status: false,
2026-02-09T20:46:40.163Z,log,ServiceWorker,marta_offline,service-worker.js,1599,33,handleApiRequest,,Online - using network-first strategy for: https://test-mmria.apps.ecpaas-dev.cdc.gov/api/offlinecase/create-offline-auth-token,
2026-02-09T20:46:41.102Z,log,ServiceWorker,marta_offline,service-worker.js,2765,37,cacheMetadataResources,,✅ Successfully cached additional endpoint: /api/user_role_jurisdiction_view/my-roles,
2026-02-09T20:46:41.102Z,log,ServiceWorker,marta_offline,service-worker.js,2755,33,cacheMetadataResources,,Fetching and caching additional endpoint: https://test-mmria.apps.ecpaas-dev.cdc.gov/Case/GetDuplicateMultiFormList,
2026-02-09T20:46:41.191Z,log,OfflineTransitionManager,marta_offline,offline-transition-manager.js,901,20,attempt_offline_transition,,Offline resources cached and authentication ready,
2026-02-09T20:46:41.191Z,log,OfflineTransitionManager,marta_offline,offline-transition-manager.js,975,20,setup_offline_session_auth,,"Offline auth token created: {""status"":""success""}",
2026-02-09T20:46:41.192Z,log,ServiceWorker,marta_offline,service-worker.js,838,29,anonymous,,"Received offline status update, invalidating cache",
2026-02-09T20:46:41.192Z,log,OfflineTransitionManager,marta_offline,offline-transition-manager.js,689,16,sync_log_data,,Syncing logs to server...,
2026-02-09T20:46:41.192Z,log,OfflineTransitionManager,marta_offline,offline-transition-manager.js,911,20,attempt_offline_transition,,Offline mode transition complete - refreshing interface,
2026-02-09T20:46:41.193Z,log,ServiceWorker,marta_offline,service-worker.js,845,29,anonymous,,"Received active offline session update, invalidating cache",
2026-02-09T20:46:41.193Z,log,OfflineCaseManager,marta_offline,offline-case-manager.js,250,20,get_offline_documents,,Fetching offline documents...,
2026-02-09T20:46:41.195Z,log,ServiceWorker,marta_offline,service-worker.js,1463,21,handleApiRequest,,🔍 Service Worker: Request method: GET,
2026-02-09T20:46:41.195Z,log,ServiceWorker,marta_offline,service-worker.js,1461,21,handleApiRequest,,🔍 Service Worker: handleApiRequest called for: /api/case_view/offline-documents,
2026-02-09T20:46:41.195Z,log,ServiceWorker,marta_offline,service-worker.js,1462,21,handleApiRequest,,🔍 Service Worker: Full URL: https://test-mmria.apps.ecpaas-dev.cdc.gov/api/case_view/offline-documents,
2026-02-09T20:46:41.195Z,log,ServiceWorker,marta_offline,service-worker.js,1373,25,anonymous,,🎯 Routing API request to handleApiRequest: /api/case_view/offline-documents,
2026-02-09T20:46:41.196Z,log,ServiceWorker,marta_offline,service-worker.js,1475,25,handleApiRequest,,✅ Cache-first strategy for: /api/case_view/offline-documents,
2026-02-09T20:46:41.197Z,log,ServiceWorker,marta_offline,service-worker.js,502,29,getActiveApiCacheName,,Using active session cache: mmria-api-v114-stable-session-1770669988094-41ea468b-937e-4e99-bdaf-5ae2bc633116,
2026-02-09T20:46:41.197Z,log,ServiceWorker,marta_offline,service-worker.js,3004,25,getCachedOfflineCaseList,,getCachedOfflineCaseList - Starting to retrieve cached cases,
2026-02-09T20:46:41.206Z,log,ServiceWorker,marta_offline,service-worker.js,1133,25,anonymous,,Skipping cache for /api/logger/save-offline-log-data: https://test-mmria.apps.ecpaas-dev.cdc.gov/api/logger/save-offline-log-data,
2026-02-09T20:46:41.214Z,log,ServiceWorker,marta_offline,service-worker.js,3021,33,getCachedOfflineCaseList,,Processing cached case request: /api/case?case_id=d055795e-593b-4fa4-8d0b-6d926681fcf7,
2026-02-09T20:46:41.214Z,log,ServiceWorker,marta_offline,service-worker.js,3011,25,getCachedOfflineCaseList,,Searching API cache (mmria-api-v114-stable-session-1770669988094-41ea468b-937e-4e99-bdaf-5ae2bc633116) for case data. Found 22 cached requests,
2026-02-09T20:46:41.217Z,log,ServiceWorker,marta_offline,service-worker.js,3081,37,getCachedOfflineCaseList,,Created case view item: d055795e-593b-4fa4-8d0b-6d926681fcf7,
2026-02-09T20:46:41.217Z,log,ServiceWorker,marta_offline,service-worker.js,3021,33,getCachedOfflineCaseList,,Processing cached case request: /api/case?case_id=a0103263-654c-4d21-818e-3ddc0e1b78ba,
2026-02-09T20:46:41.217Z,log,ServiceWorker,marta_offline,service-worker.js,3047,37,getCachedOfflineCaseList,,Cached case data structure for d055795e-593b-4fa4-8d0b-6d926681fcf7,
2026-02-09T20:46:41.220Z,log,ServiceWorker,marta_offline,service-worker.js,3047,37,getCachedOfflineCaseList,,Cached case data structure for a0103263-654c-4d21-818e-3ddc0e1b78ba,
2026-02-09T20:46:41.220Z,log,ServiceWorker,marta_offline,service-worker.js,3091,25,getCachedOfflineCaseList,,Found 2 cached offline cases,
2026-02-09T20:46:41.220Z,log,ServiceWorker,marta_offline,service-worker.js,3081,37,getCachedOfflineCaseList,,Created case view item: a0103263-654c-4d21-818e-3ddc0e1b78ba,
2026-02-09T20:46:41.221Z,log,OfflineCaseManager,marta_offline,offline-case-manager.js,258,20,get_offline_documents,,Offline documents response: 200 ,
2026-02-09T20:46:41.222Z,log,OfflineModals,marta_offline,offline-modals.js,604,16,Object.hideOnlineCaseListingElements [as hideOnlineElements],,Hiding online case listing elements...,
2026-02-09T20:46:41.222Z,log,OfflineCaseManager,marta_offline,offline-case-manager.js,262,24,get_offline_documents,,Offline documents loaded successfully,
2026-02-09T20:46:41.223Z,log,ServiceWorker,marta_offline,service-worker.js,1127,25,anonymous,,Skipping cache for connectivity check: https://test-mmria.apps.ecpaas-dev.cdc.gov/api/OfflineCase/connectivity-check?t=1770670001223,
2026-02-09T20:46:41.223Z,log,OfflineModals,marta_offline,offline-modals.js,624,16,Object.hideOnlineCaseListingElements [as hideOnlineElements],,Online case listing elements hidden,
2026-02-09T20:46:41.224Z,log,OfflineCaseManager,marta_offline,offline-case-manager.js,438,20,ensure_offline_initialization,,Offline initialization complete,
2026-02-09T20:46:41.225Z,log,ServiceWorker,marta_offline,service-worker.js,1373,25,anonymous,,🎯 Routing API request to handleApiRequest: /api/case_view/offline-documents,
2026-02-09T20:46:41.225Z,log,ServiceWorker,marta_offline,service-worker.js,1462,21,handleApiRequest,,🔍 Service Worker: Full URL: https://test-mmria.apps.ecpaas-dev.cdc.gov/api/case_view/offline-documents,
2026-02-09T20:46:41.225Z,log,ServiceWorker,marta_offline,service-worker.js,1461,21,handleApiRequest,,🔍 Service Worker: handleApiRequest called for: /api/case_view/offline-documents,
2026-02-09T20:46:41.226Z,log,ServiceWorker,marta_offline,service-worker.js,1463,21,handleApiRequest,,🔍 Service Worker: Request method: GET,
2026-02-09T20:46:41.226Z,log,ServiceWorker,marta_offline,service-worker.js,3004,25,getCachedOfflineCaseList,,getCachedOfflineCaseList - Starting to retrieve cached cases,
2026-02-09T20:46:41.226Z,log,ServiceWorker,marta_offline,service-worker.js,502,29,getActiveApiCacheName,,Using active session cache: mmria-api-v114-stable-session-1770669988094-41ea468b-937e-4e99-bdaf-5ae2bc633116,
2026-02-09T20:46:41.226Z,log,ServiceWorker,marta_offline,service-worker.js,1475,25,handleApiRequest,,✅ Cache-first strategy for: /api/case_view/offline-documents,
2026-02-09T20:46:41.235Z,log,ServiceWorker,marta_offline,service-worker.js,3011,25,getCachedOfflineCaseList,,Searching API cache (mmria-api-v114-stable-session-1770669988094-41ea468b-937e-4e99-bdaf-5ae2bc633116) for case data. Found 22 cached requests,
2026-02-09T20:46:41.236Z,log,ServiceWorker,marta_offline,service-worker.js,3021,33,getCachedOfflineCaseList,,Processing cached case request: /api/case?case_id=d055795e-593b-4fa4-8d0b-6d926681fcf7,
2026-02-09T20:46:41.237Z,log,ServiceWorker,marta_offline,service-worker.js,3081,37,getCachedOfflineCaseList,,Created case view item: d055795e-593b-4fa4-8d0b-6d926681fcf7,
2026-02-09T20:46:41.237Z,log,ServiceWorker,marta_offline,service-worker.js,3021,33,getCachedOfflineCaseList,,Processing cached case request: /api/case?case_id=a0103263-654c-4d21-818e-3ddc0e1b78ba,
2026-02-09T20:46:41.237Z,log,ServiceWorker,marta_offline,service-worker.js,3047,37,getCachedOfflineCaseList,,Cached case data structure for d055795e-593b-4fa4-8d0b-6d926681fcf7,
2026-02-09T20:46:41.239Z,log,ServiceWorker,marta_offline,service-worker.js,3091,25,getCachedOfflineCaseList,,Found 2 cached offline cases,
2026-02-09T20:46:41.239Z,log,ServiceWorker,marta_offline,service-worker.js,3081,37,getCachedOfflineCaseList,,Created case view item: a0103263-654c-4d21-818e-3ddc0e1b78ba,
2026-02-09T20:46:41.239Z,log,ServiceWorker,marta_offline,service-worker.js,3047,37,getCachedOfflineCaseList,,Cached case data structure for a0103263-654c-4d21-818e-3ddc0e1b78ba,
2026-02-09T20:46:41.241Z,log,OfflineSessionManager,marta_offline,offline-session-manager.js,176,20,Object.loadOfflineCases,,Loaded offline cases: 2,
2026-02-09T20:46:41.241Z,log,OfflineCaseManager,marta_offline,offline-case-manager.js,305,20,Object.update_offline_case_index_map [as updateOfflineCaseIndexMap],,Updated offline case index map: 100 cases,
2026-02-09T20:46:41.250Z,log,ServiceWorker,marta_offline,service-worker.js,1127,25,anonymous,,Skipping cache for connectivity check: https://test-mmria.apps.ecpaas-dev.cdc.gov/api/OfflineCase/connectivity-check?t=1770670001249,
2026-02-09T20:46:41.251Z,log,ServiceWorker,marta_offline,service-worker.js,1195,45,anonymous,,✅ Serving static file from cache: /img/online-go.svg,
2026-02-09T20:46:41.261Z,log,CaseIndex,marta_offline,index.js,1761,28,anonymous,,🔄 OFFLINE: Calling window.onhashchange with: https://test-mmria.apps.ecpaas-dev.cdc.gov/Case#/summary,
2026-02-09T20:46:41.262Z,log,ServiceWorker,marta_offline,service-worker.js,1127,25,anonymous,,Skipping cache for connectivity check: https://test-mmria.apps.ecpaas-dev.cdc.gov/api/OfflineCase/connectivity-check?t=1770670001261,
2026-02-09T20:46:41.264Z,log,ServiceWorker,marta_offline,service-worker.js,1195,45,anonymous,,✅ Serving static file from cache: /img/online-go.svg,
2026-02-09T20:46:43.365Z,log,ServiceWorker,marta_offline,service-worker.js,2777,25,cacheMetadataResources,,"Additional endpoints caching complete. ✅ Cached: 4, ❌ Failed: 0",
2026-02-09T20:46:43.365Z,log,ServiceWorker,marta_offline,service-worker.js,2765,37,cacheMetadataResources,,✅ Successfully cached additional endpoint: /Case/GetDuplicateMultiFormList,
2026-02-09T20:46:43.366Z,log,ServiceWorker,marta_offline,service-worker.js,2778,25,cacheMetadataResources,,"🎉 Total metadata caching process completed - Core: 7/7, Additional: 4/4",
2026-02-09T20:46:43.684Z,log,OfflineTransitionManager,marta_offline,offline-transition-manager.js,693,24,sync_log_data,,Successfully synced 197 logs to server,
2026-02-09T20:46:43.794Z,log,OfflineNetworkMonitor,marta_offline,offline-network-monitor.js,86,20,Object.update_go_online_button_state [as updateGoOnlineButtonState],,Go Online button state changed: enabled,
2026-02-09T20:48:15.791Z,log,ServiceWorker,marta_offline,service-worker.js,1463,21,handleApiRequest,,🔍 Service Worker: Request method: POST,
2026-02-09T20:48:15.791Z,log,ServiceWorker,marta_offline,service-worker.js,1461,21,handleApiRequest,,🔍 Service Worker: handleApiRequest called for: /api/isDuplicateCase,
2026-02-09T20:48:15.791Z,log,ServiceWorker,marta_offline,service-worker.js,1462,21,handleApiRequest,,🔍 Service Worker: Full URL: https://test-mmria.apps.ecpaas-dev.cdc.gov/api/isDuplicateCase,
2026-02-09T20:48:15.791Z,log,ServiceWorker,marta_offline,service-worker.js,1373,25,anonymous,,🎯 Routing API request to handleApiRequest: /api/isDuplicateCase,
2026-02-09T20:48:15.798Z,log,ServiceWorker,marta_offline,service-worker.js,2135,37,MessagePort.<anonymous>,,Received offline status from client: true,
2026-02-09T20:48:15.799Z,log,ServiceWorker,marta_offline,service-worker.js,2228,37,MessagePort.<anonymous>,,Received active offline session status from client: true,
2026-02-09T20:48:15.799Z,log,ServiceWorker,marta_offline,service-worker.js,2050,25,handleApiRequest,,isDuplicateCase endpoint intercepted - returning true for offline mode,
2026-02-09T20:48:15.799Z,log,ServiceWorker,marta_offline,service-worker.js,1625,29,handleApiRequest,,🔌 OFFLINE - trying cache for non-cached route: https://test-mmria.apps.ecpaas-dev.cdc.gov/api/isDuplicateCase,
2026-02-09T20:48:16.806Z,log,ServiceWorker,marta_offline,service-worker.js,2157,33,anonymous,,Timeout checking offline status from client,
2026-02-09T20:48:16.806Z,log,ServiceWorker,marta_offline,service-worker.js,2161,37,anonymous,,Using cached offline status: true,
2026-02-09T20:48:16.807Z,log,ServiceWorker,marta_offline,service-worker.js,2254,37,anonymous,,Using cached active offline session status: true,
2026-02-09T20:48:16.807Z,log,ServiceWorker,marta_offline,service-worker.js,2250,33,anonymous,,Timeout checking active offline session from client,
2026-02-09T20:48:28.390Z,log,ServiceWorker,marta_offline,service-worker.js,1373,25,anonymous,,🎯 Routing API request to handleApiRequest: /api/OfflineCase/cache-version,
2026-02-09T20:48:28.391Z,log,ServiceWorker,marta_offline,service-worker.js,1461,21,handleApiRequest,,🔍 Service Worker: handleApiRequest called for: /api/OfflineCase/cache-version,
2026-02-09T20:48:28.391Z,log,ServiceWorker,marta_offline,service-worker.js,1475,25,handleApiRequest,,✅ Cache-first strategy for: /api/OfflineCase/cache-version,
2026-02-09T20:48:28.391Z,log,ServiceWorker,marta_offline,service-worker.js,1463,21,handleApiRequest,,🔍 Service Worker: Request method: GET,
2026-02-09T20:48:28.391Z,log,ServiceWorker,marta_offline,service-worker.js,1462,21,handleApiRequest,,🔍 Service Worker: Full URL: https://test-mmria.apps.ecpaas-dev.cdc.gov/api/OfflineCase/cache-version,
2026-02-09T20:48:28.395Z,log,ServiceWorker,marta_offline,service-worker.js,1513,29,handleApiRequest,,✅ Cache hit: /api/OfflineCase/cache-version,
2026-02-09T20:48:28.406Z,log,AppMMRIA,marta_offline,app.mmria.js,67,24,getActualApiCacheName,,Service Worker: Cache version fetched from server: mmria-api-v114-stable-session-1770669988094-41ea468b-937e-4e99-bdaf-5ae2bc633116,
2026-02-09T20:48:28.411Z,log,OfflineChangeTracker,marta_offline,offline-change-tracker.js,50,20,Object.track_offline_document_change [as track],,"Original document not found in memory, fetching from cache for: ad3cfd01-fd8f-45d8-9084-be8738efdd0e",
2026-02-09T20:48:28.412Z,log,ServiceWorker,marta_offline,service-worker.js,1373,25,anonymous,,🎯 Routing API request to handleApiRequest: /api/case_view/offline-documents,
2026-02-09T20:48:28.412Z,log,OfflineCaseManager,marta_offline,offline-case-manager.js,250,20,get_offline_documents,,Fetching offline documents...,
2026-02-09T20:48:28.413Z,log,ServiceWorker,marta_offline,service-worker.js,1461,21,handleApiRequest,,🔍 Service Worker: handleApiRequest called for: /api/case_view/offline-documents,
2026-02-09T20:48:28.413Z,log,ServiceWorker,marta_offline,service-worker.js,1462,21,handleApiRequest,,🔍 Service Worker: Full URL: https://test-mmria.apps.ecpaas-dev.cdc.gov/api/case_view/offline-documents,
2026-02-09T20:48:28.413Z,log,ServiceWorker,marta_offline,service-worker.js,3004,25,getCachedOfflineCaseList,,getCachedOfflineCaseList - Starting to retrieve cached cases,
2026-02-09T20:48:28.413Z,log,ServiceWorker,marta_offline,service-worker.js,1475,25,handleApiRequest,,✅ Cache-first strategy for: /api/case_view/offline-documents,
2026-02-09T20:48:28.413Z,log,ServiceWorker,marta_offline,service-worker.js,1463,21,handleApiRequest,,🔍 Service Worker: Request method: GET,
2026-02-09T20:48:28.414Z,log,OfflineChangeTracker,marta_offline,offline-change-tracker.js,145,32,Object.fetchAndStoreOriginalDocument [as fetchAndStoreOriginal],,Found cached original case in: mmria-api-v114-stable-session-1770669988094-41ea468b-937e-4e99-bdaf-5ae2bc633116,
2026-02-09T20:48:28.414Z,log,ServiceWorker,marta_offline,service-worker.js,502,29,getActiveApiCacheName,,Using active session cache: mmria-api-v114-stable-session-1770669988094-41ea468b-937e-4e99-bdaf-5ae2bc633116,
2026-02-09T20:48:28.417Z,log,OfflineSyncManager,marta_offline,offline-sync-manager.js,758,20,Object.update_cached_case_document [as updateCachedDocument],,Updating cached case document via service worker: ad3cfd01-fd8f-45d8-9084-be8738efdd0e,
2026-02-09T20:48:28.418Z,log,OfflineSyncManager,marta_offline,offline-sync-manager.js,776,20,Object.update_cached_case_document [as updateCachedDocument],,Sent case data to service worker for encrypted cache update: ad3cfd01-fd8f-45d8-9084-be8738efdd0e,
2026-02-09T20:48:28.419Z,log,ServiceWorker,marta_offline,service-worker.js,875,29,anonymous,,Caching case data for: ad3cfd01-fd8f-45d8-9084-be8738efdd0e,
2026-02-09T20:48:28.419Z,log,ServiceWorker,marta_offline,service-worker.js,2600,25,cacheCaseData,,Starting to cache case ad3cfd01-fd8f-45d8-9084-be8738efdd0e,
2026-02-09T20:48:28.419Z,log,ServiceWorker,marta_offline,service-worker.js,502,29,getActiveApiCacheName,,Using active session cache: mmria-api-v114-stable-session-1770669988094-41ea468b-937e-4e99-bdaf-5ae2bc633116,
2026-02-09T20:48:28.422Z,log,ServiceWorker,marta_offline,service-worker.js,2616,33,cacheCaseData,,Stored case ad3cfd01-fd8f-45d8-9084-be8738efdd0e ENCRYPTED in cache,
2026-02-09T20:48:28.427Z,log,ServiceWorker,marta_offline,service-worker.js,3011,25,getCachedOfflineCaseList,,Searching API cache (mmria-api-v114-stable-session-1770669988094-41ea468b-937e-4e99-bdaf-5ae2bc633116) for case data. Found 24 cached requests,
2026-02-09T20:48:28.427Z,log,ServiceWorker,marta_offline,service-worker.js,3021,33,getCachedOfflineCaseList,,Processing cached case request: /api/case?case_id=d055795e-593b-4fa4-8d0b-6d926681fcf7,
2026-02-09T20:48:28.431Z,log,ServiceWorker,marta_offline,service-worker.js,2625,25,cacheCaseData,,Successfully cached case data for: ad3cfd01-fd8f-45d8-9084-be8738efdd0e at URL: /api/case?case_id=ad3cfd01-fd8f-45d8-9084-be8738efdd0e,
2026-02-09T20:48:28.434Z,log,ServiceWorker,marta_offline,service-worker.js,3047,37,getCachedOfflineCaseList,,Cached case data structure for d055795e-593b-4fa4-8d0b-6d926681fcf7,
2026-02-09T20:48:28.434Z,log,ServiceWorker,marta_offline,service-worker.js,2630,29,cacheCaseData,,Verification successful - case ad3cfd01-fd8f-45d8-9084-be8738efdd0e is in cache (encrypted=true),
2026-02-09T20:48:28.434Z,log,ServiceWorker,marta_offline,service-worker.js,3081,37,getCachedOfflineCaseList,,Created case view item: d055795e-593b-4fa4-8d0b-6d926681fcf7,
2026-02-09T20:48:28.435Z,log,ServiceWorker,marta_offline,service-worker.js,3021,33,getCachedOfflineCaseList,,Processing cached case request: /api/case?case_id=a0103263-654c-4d21-818e-3ddc0e1b78ba,
2026-02-09T20:48:28.437Z,log,ServiceWorker,marta_offline,service-worker.js,3047,37,getCachedOfflineCaseList,,Cached case data structure for a0103263-654c-4d21-818e-3ddc0e1b78ba,
2026-02-09T20:48:28.438Z,log,ServiceWorker,marta_offline,service-worker.js,3021,33,getCachedOfflineCaseList,,Processing cached case request: /api/case?case_id=ad3cfd01-fd8f-45d8-9084-be8738efdd0e,
2026-02-09T20:48:28.438Z,log,ServiceWorker,marta_offline,service-worker.js,3081,37,getCachedOfflineCaseList,,Created case view item: a0103263-654c-4d21-818e-3ddc0e1b78ba,
2026-02-09T20:48:28.440Z,log,ServiceWorker,marta_offline,service-worker.js,3047,37,getCachedOfflineCaseList,,Cached case data structure for ad3cfd01-fd8f-45d8-9084-be8738efdd0e,
2026-02-09T20:48:28.440Z,log,ServiceWorker,marta_offline,service-worker.js,3091,25,getCachedOfflineCaseList,,Found 3 cached offline cases,
2026-02-09T20:48:28.440Z,log,ServiceWorker,marta_offline,service-worker.js,3081,37,getCachedOfflineCaseList,,Created case view item: ad3cfd01-fd8f-45d8-9084-be8738efdd0e,
2026-02-09T20:48:28.441Z,log,OfflineCaseManager,marta_offline,offline-case-manager.js,262,24,get_offline_documents,,Offline documents loaded successfully,
2026-02-09T20:48:28.441Z,log,OfflineCaseManager,marta_offline,offline-case-manager.js,258,20,get_offline_documents,,Offline documents response: 200 ,
2026-02-09T20:48:28.441Z,log,OfflineCaseManager,marta_offline,offline-case-manager.js,722,24,Object.handleNewCaseOfflineSetup,,New case setup complete for offline: ad3cfd01-fd8f-45d8-9084-be8738efdd0e,
2026-02-09T20:48:28.732Z,log,CaseIndex,marta_offline,index.js,2610,20,process_save_case,,Offline mode detected - tracking document changes instead of saving to server,
2026-02-09T20:48:28.733Z,log,CaseIndex,marta_offline,index.js,2616,24,process_save_case,,📝 Copying change stack with 0 items for offline tracking,
2026-02-09T20:48:28.734Z,log,OfflineSyncManager,marta_offline,offline-sync-manager.js,758,20,Object.update_cached_case_document [as updateCachedDocument],,Updating cached case document via service worker: ad3cfd01-fd8f-45d8-9084-be8738efdd0e,
2026-02-09T20:48:28.735Z,log,OfflineCaseManager,marta_offline,offline-case-manager.js,305,20,Object.update_offline_case_index_map [as updateOfflineCaseIndexMap],,Updated offline case index map: 3 cases,
2026-02-09T20:48:28.735Z,log,CaseIndex,marta_offline,index.js,2641,24,process_save_case,,✅ Offline save completed for document: ad3cfd01-fd8f-45d8-9084-be8738efdd0e,
2026-02-09T20:48:28.735Z,log,CaseIndex,marta_offline,index.js,2642,24,process_save_case,,"✅ Simulated response: {""ok"":true,""id"":""ad3cfd01-fd8f-45d8-9084-be8738efdd0e"",""offline_save"":true}",
2026-02-09T20:48:28.735Z,log,CaseIndexMMRIA,marta_offline,index.mmria.js,171,36,anonymous,,✅ Updated offline case index map before navigation,
2026-02-09T20:48:28.736Z,log,OfflineSyncManager,marta_offline,offline-sync-manager.js,776,20,Object.update_cached_case_document [as updateCachedDocument],,Sent case data to service worker for encrypted cache update: ad3cfd01-fd8f-45d8-9084-be8738efdd0e,
2026-02-09T20:48:28.738Z,log,ServiceWorker,marta_offline,service-worker.js,2600,25,cacheCaseData,,Starting to cache case ad3cfd01-fd8f-45d8-9084-be8738efdd0e,
2026-02-09T20:48:28.738Z,log,ServiceWorker,marta_offline,service-worker.js,875,29,anonymous,,Caching case data for: ad3cfd01-fd8f-45d8-9084-be8738efdd0e,
2026-02-09T20:48:28.739Z,log,ServiceWorker,marta_offline,service-worker.js,502,29,getActiveApiCacheName,,Using active session cache: mmria-api-v114-stable-session-1770669988094-41ea468b-937e-4e99-bdaf-5ae2bc633116,
2026-02-09T20:48:28.745Z,log,ServiceWorker,marta_offline,service-worker.js,2616,33,cacheCaseData,,Stored case ad3cfd01-fd8f-45d8-9084-be8738efdd0e ENCRYPTED in cache,
2026-02-09T20:48:28.750Z,log,OfflineNavigationManager,marta_offline,offline-navigation-manager.js,152,16,Object.getTargetCaseIdForHashChange,,Hash change: navigating to case index: 2,
2026-02-09T20:48:28.751Z,log,OfflineNavigationManager,marta_offline,offline-navigation-manager.js,154,16,Object.getTargetCaseIdForHashChange,,Offline mode: true,
2026-02-09T20:48:28.751Z,log,OfflineNavigationManager,marta_offline,offline-navigation-manager.js,153,16,Object.getTargetCaseIdForHashChange,,Processing offline cases mode: false,
2026-02-09T20:48:28.752Z,log,OfflineNavigationManager,marta_offline,offline-navigation-manager.js,179,18,Object.getTargetCaseIdForHashChange,,"Offline case index map: [""d055795e-593b-4fa4-8d0b-6d926681fcf7"",""a0103263-654c-4d21-818e-3ddc0e1b78ba"",""ad3cfd01-fd8f-45d8-9084-be8738efdd0e""]",
2026-02-09T20:48:28.752Z,log,OfflineCaseManager,marta_offline,offline-case-manager.js,305,20,update_offline_case_index_map,,Updated offline case index map: 3 cases,
2026-02-09T20:48:28.752Z,log,OfflineNavigationManager,marta_offline,offline-navigation-manager.js,180,18,Object.getTargetCaseIdForHashChange,,g_ui.case_view_list length: 3,
2026-02-09T20:48:28.753Z,log,OfflineNavigationManager,marta_offline,offline-navigation-manager.js,185,20,Object.getTargetCaseIdForHashChange,,Target offline case ID from index map: ad3cfd01-fd8f-45d8-9084-be8738efdd0e Current case ID: ad3cfd01-fd8f-45d8-9084-be8738efdd0e,
2026-02-09T20:48:28.757Z,log,ServiceWorker,marta_offline,service-worker.js,2625,25,cacheCaseData,,Successfully cached case data for: ad3cfd01-fd8f-45d8-9084-be8738efdd0e at URL: /api/case?case_id=ad3cfd01-fd8f-45d8-9084-be8738efdd0e,
2026-02-09T20:48:28.759Z,log,ServiceWorker,marta_offline,service-worker.js,1127,25,anonymous,,Skipping cache for connectivity check: https://test-mmria.apps.ecpaas-dev.cdc.gov/api/OfflineCase/connectivity-check?t=1770670108758,
2026-02-09T20:48:28.761Z,log,ServiceWorker,marta_offline,service-worker.js,2630,29,cacheCaseData,,Verification successful - case ad3cfd01-fd8f-45d8-9084-be8738efdd0e is in cache (encrypted=true),
2026-02-09T20:48:28.786Z,log,ServiceWorker,marta_offline,service-worker.js,1195,45,anonymous,,✅ Serving static file from cache: /img/online-go.svg,
2026-02-09T20:48:29.733Z,log,CaseIndex,marta_offline,index.js,2610,20,process_save_case,,Offline mode detected - tracking document changes instead of saving to server,
2026-02-09T20:48:29.733Z,log,CaseIndex,marta_offline,index.js,2616,24,process_save_case,,📝 Copying change stack with 0 items for offline tracking,
2026-02-09T20:48:29.736Z,log,OfflineSyncManager,marta_offline,offline-sync-manager.js,758,20,Object.update_cached_case_document [as updateCachedDocument],,Updating cached case document via service worker: ad3cfd01-fd8f-45d8-9084-be8738efdd0e,
2026-02-09T20:48:29.737Z,log,CaseIndex,marta_offline,index.js,2641,24,process_save_case,,✅ Offline save completed for document: ad3cfd01-fd8f-45d8-9084-be8738efdd0e,
2026-02-09T20:48:29.737Z,log,CaseIndex,marta_offline,index.js,2642,24,process_save_case,,"✅ Simulated response: {""ok"":true,""id"":""ad3cfd01-fd8f-45d8-9084-be8738efdd0e"",""offline_save"":true}",
2026-02-09T20:48:29.738Z,log,OfflineSyncManager,marta_offline,offline-sync-manager.js,776,20,Object.update_cached_case_document [as updateCachedDocument],,Sent case data to service worker for encrypted cache update: ad3cfd01-fd8f-45d8-9084-be8738efdd0e,
2026-02-09T20:48:29.740Z,log,ServiceWorker,marta_offline,service-worker.js,2600,25,cacheCaseData,,Starting to cache case ad3cfd01-fd8f-45d8-9084-be8738efdd0e,
2026-02-09T20:48:29.740Z,log,ServiceWorker,marta_offline,service-worker.js,875,29,anonymous,,Caching case data for: ad3cfd01-fd8f-45d8-9084-be8738efdd0e,
2026-02-09T20:48:29.741Z,log,ServiceWorker,marta_offline,service-worker.js,502,29,getActiveApiCacheName,,Using active session cache: mmria-api-v114-stable-session-1770669988094-41ea468b-937e-4e99-bdaf-5ae2bc633116,
2026-02-09T20:48:29.745Z,log,ServiceWorker,marta_offline,service-worker.js,2616,33,cacheCaseData,,Stored case ad3cfd01-fd8f-45d8-9084-be8738efdd0e ENCRYPTED in cache,
2026-02-09T20:48:29.760Z,log,ServiceWorker,marta_offline,service-worker.js,2625,25,cacheCaseData,,Successfully cached case data for: ad3cfd01-fd8f-45d8-9084-be8738efdd0e at URL: /api/case?case_id=ad3cfd01-fd8f-45d8-9084-be8738efdd0e,
2026-02-09T20:48:29.763Z,log,ServiceWorker,marta_offline,service-worker.js,2630,29,cacheCaseData,,Verification successful - case ad3cfd01-fd8f-45d8-9084-be8738efdd0e is in cache (encrypted=true),
2026-02-09T20:48:54.477Z,log,ServiceWorker,marta_offline,service-worker.js,1127,25,anonymous,,Skipping cache for connectivity check: https://test-mmria.apps.ecpaas-dev.cdc.gov/api/OfflineCase/connectivity-check?t=1770670134476,
2026-02-09T20:48:54.485Z,log,ServiceWorker,marta_offline,service-worker.js,1195,45,anonymous,,✅ Serving static file from cache: /img/online-go.svg,
2026-02-09T20:48:54.735Z,log,CaseIndex,marta_offline,index.js,2616,24,process_save_case,,📝 Copying change stack with 0 items for offline tracking,
2026-02-09T20:48:54.735Z,log,CaseIndex,marta_offline,index.js,2610,20,process_save_case,,Offline mode detected - tracking document changes instead of saving to server,
2026-02-09T20:48:54.737Z,log,OfflineSyncManager,marta_offline,offline-sync-manager.js,758,20,Object.update_cached_case_document [as updateCachedDocument],,Updating cached case document via service worker: ad3cfd01-fd8f-45d8-9084-be8738efdd0e,
2026-02-09T20:48:54.738Z,log,CaseIndex,marta_offline,index.js,2641,24,process_save_case,,✅ Offline save completed for document: ad3cfd01-fd8f-45d8-9084-be8738efdd0e,
2026-02-09T20:48:54.738Z,log,OfflineSyncManager,marta_offline,offline-sync-manager.js,776,20,Object.update_cached_case_document [as updateCachedDocument],,Sent case data to service worker for encrypted cache update: ad3cfd01-fd8f-45d8-9084-be8738efdd0e,
2026-02-09T20:48:54.738Z,log,CaseIndex,marta_offline,index.js,2642,24,process_save_case,,"✅ Simulated response: {""ok"":true,""id"":""ad3cfd01-fd8f-45d8-9084-be8738efdd0e"",""offline_save"":true}",
2026-02-09T20:48:54.739Z,log,ServiceWorker,marta_offline,service-worker.js,502,29,getActiveApiCacheName,,Using active session cache: mmria-api-v114-stable-session-1770669988094-41ea468b-937e-4e99-bdaf-5ae2bc633116,
2026-02-09T20:48:54.739Z,log,ServiceWorker,marta_offline,service-worker.js,875,29,anonymous,,Caching case data for: ad3cfd01-fd8f-45d8-9084-be8738efdd0e,
2026-02-09T20:48:54.739Z,log,ServiceWorker,marta_offline,service-worker.js,2600,25,cacheCaseData,,Starting to cache case ad3cfd01-fd8f-45d8-9084-be8738efdd0e,
2026-02-09T20:48:54.741Z,log,ServiceWorker,marta_offline,service-worker.js,2616,33,cacheCaseData,,Stored case ad3cfd01-fd8f-45d8-9084-be8738efdd0e ENCRYPTED in cache,
2026-02-09T20:48:54.749Z,log,ServiceWorker,marta_offline,service-worker.js,2625,25,cacheCaseData,,Successfully cached case data for: ad3cfd01-fd8f-45d8-9084-be8738efdd0e at URL: /api/case?case_id=ad3cfd01-fd8f-45d8-9084-be8738efdd0e,
2026-02-09T20:48:54.751Z,log,ServiceWorker,marta_offline,service-worker.js,2630,29,cacheCaseData,,Verification successful - case ad3cfd01-fd8f-45d8-9084-be8738efdd0e is in cache (encrypted=true),
2026-02-09T20:48:57.413Z,log,ServiceWorker,marta_offline,service-worker.js,1373,25,anonymous,,🎯 Routing API request to handleApiRequest: /api/case_view/offline-documents,
2026-02-09T20:48:57.413Z,log,OfflineCaseManager,marta_offline,offline-case-manager.js,438,20,ensure_offline_initialization,,Offline initialization complete,
2026-02-09T20:48:57.413Z,log,ServiceWorker,marta_offline,service-worker.js,1461,21,handleApiRequest,,🔍 Service Worker: handleApiRequest called for: /api/case_view/offline-documents,
2026-02-09T20:48:57.414Z,log,ServiceWorker,marta_offline,service-worker.js,1475,25,handleApiRequest,,✅ Cache-first strategy for: /api/case_view/offline-documents,
2026-02-09T20:48:57.414Z,log,ServiceWorker,marta_offline,service-worker.js,1462,21,handleApiRequest,,🔍 Service Worker: Full URL: https://test-mmria.apps.ecpaas-dev.cdc.gov/api/case_view/offline-documents,
2026-02-09T20:48:57.414Z,log,ServiceWorker,marta_offline,service-worker.js,502,29,getActiveApiCacheName,,Using active session cache: mmria-api-v114-stable-session-1770669988094-41ea468b-937e-4e99-bdaf-5ae2bc633116,
2026-02-09T20:48:57.414Z,log,ServiceWorker,marta_offline,service-worker.js,1463,21,handleApiRequest,,🔍 Service Worker: Request method: GET,
2026-02-09T20:48:57.414Z,log,ServiceWorker,marta_offline,service-worker.js,3004,25,getCachedOfflineCaseList,,getCachedOfflineCaseList - Starting to retrieve cached cases,
2026-02-09T20:48:57.425Z,log,ServiceWorker,marta_offline,service-worker.js,3021,33,getCachedOfflineCaseList,,Processing cached case request: /api/case?case_id=d055795e-593b-4fa4-8d0b-6d926681fcf7,
2026-02-09T20:48:57.425Z,log,ServiceWorker,marta_offline,service-worker.js,3011,25,getCachedOfflineCaseList,,Searching API cache (mmria-api-v114-stable-session-1770669988094-41ea468b-937e-4e99-bdaf-5ae2bc633116) for case data. Found 24 cached requests,
2026-02-09T20:48:57.427Z,log,ServiceWorker,marta_offline,service-worker.js,3081,37,getCachedOfflineCaseList,,Created case view item: d055795e-593b-4fa4-8d0b-6d926681fcf7,
2026-02-09T20:48:57.427Z,log,ServiceWorker,marta_offline,service-worker.js,3021,33,getCachedOfflineCaseList,,Processing cached case request: /api/case?case_id=a0103263-654c-4d21-818e-3ddc0e1b78ba,
2026-02-09T20:48:57.427Z,log,ServiceWorker,marta_offline,service-worker.js,3047,37,getCachedOfflineCaseList,,Cached case data structure for d055795e-593b-4fa4-8d0b-6d926681fcf7,
2026-02-09T20:48:57.429Z,log,ServiceWorker,marta_offline,service-worker.js,3047,37,getCachedOfflineCaseList,,Cached case data structure for a0103263-654c-4d21-818e-3ddc0e1b78ba,
2026-02-09T20:48:57.429Z,log,ServiceWorker,marta_offline,service-worker.js,3081,37,getCachedOfflineCaseList,,Created case view item: a0103263-654c-4d21-818e-3ddc0e1b78ba,
2026-02-09T20:48:57.429Z,log,ServiceWorker,marta_offline,service-worker.js,3021,33,getCachedOfflineCaseList,,Processing cached case request: /api/case?case_id=ad3cfd01-fd8f-45d8-9084-be8738efdd0e,
2026-02-09T20:48:57.431Z,log,ServiceWorker,marta_offline,service-worker.js,3047,37,getCachedOfflineCaseList,,Cached case data structure for ad3cfd01-fd8f-45d8-9084-be8738efdd0e,
2026-02-09T20:48:57.431Z,log,ServiceWorker,marta_offline,service-worker.js,3081,37,getCachedOfflineCaseList,,Created case view item: ad3cfd01-fd8f-45d8-9084-be8738efdd0e,
2026-02-09T20:48:57.432Z,log,ServiceWorker,marta_offline,service-worker.js,3091,25,getCachedOfflineCaseList,,Found 3 cached offline cases,
2026-02-09T20:48:57.433Z,log,OfflineSessionManager,marta_offline,offline-session-manager.js,176,20,Object.loadOfflineCases,,Loaded offline cases: 3,
2026-02-09T20:48:57.434Z,log,OfflineCaseManager,marta_offline,offline-case-manager.js,305,20,Object.update_offline_case_index_map [as updateOfflineCaseIndexMap],,Updated offline case index map: 3 cases,
2026-02-09T20:48:57.436Z,log,ServiceWorker,marta_offline,service-worker.js,1127,25,anonymous,,Skipping cache for connectivity check: https://test-mmria.apps.ecpaas-dev.cdc.gov/api/OfflineCase/connectivity-check?t=1770670137435,
2026-02-09T20:48:57.438Z,log,ServiceWorker,marta_offline,service-worker.js,1195,45,anonymous,,✅ Serving static file from cache: /img/online-go.svg,
2026-02-09T20:48:57.449Z,log,CaseIndex,marta_offline,index.js,1761,28,anonymous,,🔄 OFFLINE: Calling window.onhashchange with: https://test-mmria.apps.ecpaas-dev.cdc.gov/Case#/summary,
2026-02-09T20:48:57.450Z,log,ServiceWorker,marta_offline,service-worker.js,1127,25,anonymous,,Skipping cache for connectivity check: https://test-mmria.apps.ecpaas-dev.cdc.gov/api/OfflineCase/connectivity-check?t=1770670137449,
2026-02-09T20:48:57.452Z,log,ServiceWorker,marta_offline,service-worker.js,1195,45,anonymous,,✅ Serving static file from cache: /img/online-go.svg,
2026-02-09T20:49:26.886Z,log,OfflineCaseManager,marta_offline,offline-case-manager.js,457,14,get_offline_case,,Loading offline case: a0103263-654c-4d21-818e-3ddc0e1b78ba,
2026-02-09T20:49:26.886Z,log,OfflineCaseManager,marta_offline,offline-case-manager.js,305,20,Object.update_offline_case_index_map [as updateOfflineCaseIndexMap],,Updated offline case index map: 3 cases,
2026-02-09T20:49:26.886Z,log,CaseIndex,marta_offline,index.js,2246,22,window_on_hash_change,,Loading offline case at index 1 from index map: a0103263-654c-4d21-818e-3ddc0e1b78ba,
2026-02-09T20:49:26.887Z,log,ServiceWorker,marta_offline,service-worker.js,1463,21,handleApiRequest,,🔍 Service Worker: Request method: GET,
2026-02-09T20:49:26.887Z,log,ServiceWorker,marta_offline,service-worker.js,1461,21,handleApiRequest,,🔍 Service Worker: handleApiRequest called for: /api/case?case_id=a0103263-654c-4d21-818e-3ddc0e1b78ba,
2026-02-09T20:49:26.887Z,log,ServiceWorker,marta_offline,service-worker.js,1373,25,anonymous,,🎯 Routing API request to handleApiRequest: /api/case,
2026-02-09T20:49:26.887Z,log,ServiceWorker,marta_offline,service-worker.js,1462,21,handleApiRequest,,🔍 Service Worker: Full URL: https://test-mmria.apps.ecpaas-dev.cdc.gov/api/case?case_id=a0103263-654c-4d21-818e-3ddc0e1b78ba,
2026-02-09T20:49:26.888Z,log,ServiceWorker,marta_offline,service-worker.js,1475,25,handleApiRequest,,✅ Cache-first strategy for: /api/case?case_id=a0103263-654c-4d21-818e-3ddc0e1b78ba,
2026-02-09T20:49:26.888Z,log,ServiceWorker,marta_offline,service-worker.js,1513,29,handleApiRequest,,✅ Cache hit: /api/case,
2026-02-09T20:49:26.891Z,log,OfflineCaseManager,marta_offline,offline-case-manager.js,438,20,ensure_offline_initialization,,Offline initialization complete,
2026-02-09T20:49:26.891Z,log,OfflineCaseManager,marta_offline,offline-case-manager.js,475,18,get_offline_case,,Retrieved offline case data (decrypted by service worker): a0103263-654c-4d21-818e-3ddc0e1b78ba,
2026-02-09T20:49:26.893Z,log,ServiceWorker,marta_offline,service-worker.js,1127,25,anonymous,,Skipping cache for connectivity check: https://test-mmria.apps.ecpaas-dev.cdc.gov/api/OfflineCase/connectivity-check?t=1770670166893,
2026-02-09T20:49:26.897Z,log,ServiceWorker,marta_offline,service-worker.js,1195,45,anonymous,,✅ Serving static file from cache: /img/online-go.svg,
2026-02-09T20:49:35.918Z,log,ServiceWorker,marta_offline,service-worker.js,1127,25,anonymous,,Skipping cache for connectivity check: https://test-mmria.apps.ecpaas-dev.cdc.gov/api/OfflineCase/connectivity-check?t=1770670175917,
2026-02-09T20:49:35.927Z,log,ServiceWorker,marta_offline,service-worker.js,1195,45,anonymous,,✅ Serving static file from cache: /img/online-go.svg,
2026-02-09T20:49:36.733Z,log,CaseIndex,marta_offline,index.js,2610,20,process_save_case,,Offline mode detected - tracking document changes instead of saving to server,
2026-02-09T20:49:36.733Z,log,OfflineChangeTracker,marta_offline,offline-change-tracker.js,50,20,Object.track_offline_document_change [as track],,"Original document not found in memory, fetching from cache for: a0103263-654c-4d21-818e-3ddc0e1b78ba",
2026-02-09T20:49:36.733Z,log,CaseIndex,marta_offline,index.js,2616,24,process_save_case,,📝 Copying change stack with 1 items for offline tracking,
2026-02-09T20:49:36.735Z,log,CaseIndex,marta_offline,index.js,2641,24,process_save_case,,✅ Offline save completed for document: a0103263-654c-4d21-818e-3ddc0e1b78ba,
2026-02-09T20:49:36.736Z,log,CaseIndex,marta_offline,index.js,2642,24,process_save_case,,"✅ Simulated response: {""ok"":true,""rev"":""13-df378668040278801fe96d6bbcda7c2f"",""id"":""a0103263-654c-4d21-818e-3ddc0e1b78ba"",""offline_save"":true}",
2026-02-09T20:49:36.741Z,log,OfflineChangeTracker,marta_offline,offline-change-tracker.js,145,32,Object.fetchAndStoreOriginalDocument [as fetchAndStoreOriginal],,Found cached original case in: mmria-api-v114-stable-session-1770669988094-41ea468b-937e-4e99-bdaf-5ae2bc633116,
2026-02-09T20:49:36.743Z,log,OfflineSyncManager,marta_offline,offline-sync-manager.js,776,20,Object.update_cached_case_document [as updateCachedDocument],,Sent case data to service worker for encrypted cache update: a0103263-654c-4d21-818e-3ddc0e1b78ba,
2026-02-09T20:49:36.743Z,log,OfflineSyncManager,marta_offline,offline-sync-manager.js,758,20,Object.update_cached_case_document [as updateCachedDocument],,Updating cached case document via service worker: a0103263-654c-4d21-818e-3ddc0e1b78ba,
2026-02-09T20:49:36.744Z,log,ServiceWorker,marta_offline,service-worker.js,875,29,anonymous,,Caching case data for: a0103263-654c-4d21-818e-3ddc0e1b78ba,
2026-02-09T20:49:36.745Z,log,ServiceWorker,marta_offline,service-worker.js,2600,25,cacheCaseData,,Starting to cache case a0103263-654c-4d21-818e-3ddc0e1b78ba,
2026-02-09T20:49:36.745Z,log,ServiceWorker,marta_offline,service-worker.js,502,29,getActiveApiCacheName,,Using active session cache: mmria-api-v114-stable-session-1770669988094-41ea468b-937e-4e99-bdaf-5ae2bc633116,
2026-02-09T20:49:36.750Z,log,ServiceWorker,marta_offline,service-worker.js,2616,33,cacheCaseData,,Stored case a0103263-654c-4d21-818e-3ddc0e1b78ba ENCRYPTED in cache,
2026-02-09T20:49:36.759Z,log,ServiceWorker,marta_offline,service-worker.js,2625,25,cacheCaseData,,Successfully cached case data for: a0103263-654c-4d21-818e-3ddc0e1b78ba at URL: /api/case?case_id=a0103263-654c-4d21-818e-3ddc0e1b78ba,
2026-02-09T20:49:36.762Z,log,ServiceWorker,marta_offline,service-worker.js,2630,29,cacheCaseData,,Verification successful - case a0103263-654c-4d21-818e-3ddc0e1b78ba is in cache (encrypted=true),
2026-02-09T20:49:39.903Z,log,OfflineNavigationManager,marta_offline,offline-navigation-manager.js,185,20,Object.getTargetCaseIdForHashChange,,Target offline case ID from index map: a0103263-654c-4d21-818e-3ddc0e1b78ba Current case ID: a0103263-654c-4d21-818e-3ddc0e1b78ba,
2026-02-09T20:49:39.903Z,log,OfflineNavigationManager,marta_offline,offline-navigation-manager.js,154,16,Object.getTargetCaseIdForHashChange,,Offline mode: true,
2026-02-09T20:49:39.903Z,log,OfflineNavigationManager,marta_offline,offline-navigation-manager.js,152,16,Object.getTargetCaseIdForHashChange,,Hash change: navigating to case index: 1,
2026-02-09T20:49:39.903Z,log,OfflineNavigationManager,marta_offline,offline-navigation-manager.js,179,18,Object.getTargetCaseIdForHashChange,,"Offline case index map: [""d055795e-593b-4fa4-8d0b-6d926681fcf7"",""a0103263-654c-4d21-818e-3ddc0e1b78ba"",""ad3cfd01-fd8f-45d8-9084-be8738efdd0e""]",
2026-02-09T20:49:39.903Z,log,OfflineNavigationManager,marta_offline,offline-navigation-manager.js,180,18,Object.getTargetCaseIdForHashChange,,g_ui.case_view_list length: 3,
2026-02-09T20:49:39.903Z,log,OfflineCaseManager,marta_offline,offline-case-manager.js,305,20,update_offline_case_index_map,,Updated offline case index map: 3 cases,
2026-02-09T20:49:39.903Z,log,OfflineNavigationManager,marta_offline,offline-navigation-manager.js,153,16,Object.getTargetCaseIdForHashChange,,Processing offline cases mode: false,
2026-02-09T20:49:39.907Z,log,ServiceWorker,marta_offline,service-worker.js,1127,25,anonymous,,Skipping cache for connectivity check: https://test-mmria.apps.ecpaas-dev.cdc.gov/api/OfflineCase/connectivity-check?t=1770670179906,
2026-02-09T20:49:39.915Z,log,ServiceWorker,marta_offline,service-worker.js,1195,45,anonymous,,✅ Serving static file from cache: /img/online-go.svg,
2026-02-09T20:49:40.733Z,log,CaseIndex,marta_offline,index.js,2610,20,process_save_case,,Offline mode detected - tracking document changes instead of saving to server,
2026-02-09T20:49:40.733Z,log,CaseIndex,marta_offline,index.js,2616,24,process_save_case,,📝 Copying change stack with 0 items for offline tracking,
2026-02-09T20:49:40.736Z,log,OfflineSyncManager,marta_offline,offline-sync-manager.js,758,20,Object.update_cached_case_document [as updateCachedDocument],,Updating cached case document via service worker: a0103263-654c-4d21-818e-3ddc0e1b78ba,
2026-02-09T20:49:40.737Z,log,CaseIndex,marta_offline,index.js,2641,24,process_save_case,,✅ Offline save completed for document: a0103263-654c-4d21-818e-3ddc0e1b78ba,
2026-02-09T20:49:40.738Z,log,OfflineSyncManager,marta_offline,offline-sync-manager.js,776,20,Object.update_cached_case_document [as updateCachedDocument],,Sent case data to service worker for encrypted cache update: a0103263-654c-4d21-818e-3ddc0e1b78ba,
2026-02-09T20:49:40.738Z,log,CaseIndex,marta_offline,index.js,2642,24,process_save_case,,"✅ Simulated response: {""ok"":true,""rev"":""13-df378668040278801fe96d6bbcda7c2f"",""id"":""a0103263-654c-4d21-818e-3ddc0e1b78ba"",""offline_save"":true}",
2026-02-09T20:49:40.739Z,log,ServiceWorker,marta_offline,service-worker.js,875,29,anonymous,,Caching case data for: a0103263-654c-4d21-818e-3ddc0e1b78ba,
2026-02-09T20:49:40.739Z,log,ServiceWorker,marta_offline,service-worker.js,2600,25,cacheCaseData,,Starting to cache case a0103263-654c-4d21-818e-3ddc0e1b78ba,
2026-02-09T20:49:40.740Z,log,ServiceWorker,marta_offline,service-worker.js,502,29,getActiveApiCacheName,,Using active session cache: mmria-api-v114-stable-session-1770669988094-41ea468b-937e-4e99-bdaf-5ae2bc633116,
2026-02-09T20:49:40.741Z,log,ServiceWorker,marta_offline,service-worker.js,2616,33,cacheCaseData,,Stored case a0103263-654c-4d21-818e-3ddc0e1b78ba ENCRYPTED in cache,
2026-02-09T20:49:40.752Z,log,ServiceWorker,marta_offline,service-worker.js,2625,25,cacheCaseData,,Successfully cached case data for: a0103263-654c-4d21-818e-3ddc0e1b78ba at URL: /api/case?case_id=a0103263-654c-4d21-818e-3ddc0e1b78ba,
2026-02-09T20:49:40.756Z,log,ServiceWorker,marta_offline,service-worker.js,2630,29,cacheCaseData,,Verification successful - case a0103263-654c-4d21-818e-3ddc0e1b78ba is in cache (encrypted=true),
2026-02-09T20:51:00.362Z,log,ServiceWorker,marta_offline,service-worker.js,1127,25,anonymous,,Skipping cache for connectivity check: https://test-mmria.apps.ecpaas-dev.cdc.gov/api/OfflineCase/connectivity-check?t=1770670260362,
2026-02-09T20:51:00.373Z,log,ServiceWorker,marta_offline,service-worker.js,1195,45,anonymous,,✅ Serving static file from cache: /img/online-go.svg,
2026-02-09T20:51:00.732Z,log,CaseIndex,marta_offline,index.js,2610,20,process_save_case,,Offline mode detected - tracking document changes instead of saving to server,
2026-02-09T20:51:00.733Z,log,CaseIndex,marta_offline,index.js,2616,24,process_save_case,,📝 Copying change stack with 3 items for offline tracking,
2026-02-09T20:51:00.735Z,log,OfflineSyncManager,marta_offline,offline-sync-manager.js,758,20,Object.update_cached_case_document [as updateCachedDocument],,Updating cached case document via service worker: a0103263-654c-4d21-818e-3ddc0e1b78ba,
2026-02-09T20:51:00.736Z,log,CaseIndex,marta_offline,index.js,2642,24,process_save_case,,"✅ Simulated response: {""ok"":true,""rev"":""13-df378668040278801fe96d6bbcda7c2f"",""id"":""a0103263-654c-4d21-818e-3ddc0e1b78ba"",""offline_save"":true}",
2026-02-09T20:51:00.736Z,log,OfflineSyncManager,marta_offline,offline-sync-manager.js,776,20,Object.update_cached_case_document [as updateCachedDocument],,Sent case data to service worker for encrypted cache update: a0103263-654c-4d21-818e-3ddc0e1b78ba,
2026-02-09T20:51:00.736Z,log,CaseIndex,marta_offline,index.js,2641,24,process_save_case,,✅ Offline save completed for document: a0103263-654c-4d21-818e-3ddc0e1b78ba,
2026-02-09T20:51:00.737Z,log,ServiceWorker,marta_offline,service-worker.js,875,29,anonymous,,Caching case data for: a0103263-654c-4d21-818e-3ddc0e1b78ba,
2026-02-09T20:51:00.738Z,log,ServiceWorker,marta_offline,service-worker.js,502,29,getActiveApiCacheName,,Using active session cache: mmria-api-v114-stable-session-1770669988094-41ea468b-937e-4e99-bdaf-5ae2bc633116,
2026-02-09T20:51:00.738Z,log,ServiceWorker,marta_offline,service-worker.js,2600,25,cacheCaseData,,Starting to cache case a0103263-654c-4d21-818e-3ddc0e1b78ba,
2026-02-09T20:51:00.740Z,log,ServiceWorker,marta_offline,service-worker.js,2616,33,cacheCaseData,,Stored case a0103263-654c-4d21-818e-3ddc0e1b78ba ENCRYPTED in cache,
2026-02-09T20:51:00.749Z,log,ServiceWorker,marta_offline,service-worker.js,2625,25,cacheCaseData,,Successfully cached case data for: a0103263-654c-4d21-818e-3ddc0e1b78ba at URL: /api/case?case_id=a0103263-654c-4d21-818e-3ddc0e1b78ba,
2026-02-09T20:51:00.752Z,log,ServiceWorker,marta_offline,service-worker.js,2630,29,cacheCaseData,,Verification successful - case a0103263-654c-4d21-818e-3ddc0e1b78ba is in cache (encrypted=true),
2026-02-09T20:51:01.936Z,log,ServiceWorker,marta_offline,service-worker.js,2290,21,handlePageRequest,,Handling page request for: /,
2026-02-09T20:51:01.936Z,log,ServiceWorker,marta_offline,service-worker.js,2105,29,isUserInOfflineMode,,Using cached offline status: true,
2026-02-09T20:51:01.937Z,log,ServiceWorker,marta_offline,service-worker.js,2326,25,handlePageRequest,,Protected route access granted - valid session and crypto key,
2026-02-09T20:51:01.937Z,log,ServiceWorker,marta_offline,service-worker.js,2202,29,hasActiveOfflineSession,,Using cached active offline session status: true,
2026-02-09T20:51:01.938Z,log,ServiceWorker,marta_offline,service-worker.js,2331,25,handlePageRequest,,"Offline detected, trying cache first for: /",
2026-02-09T20:51:01.938Z,log,ServiceWorker,marta_offline,service-worker.js,502,29,getActiveApiCacheName,,Using active session cache: mmria-api-v114-stable-session-1770669988094-41ea468b-937e-4e99-bdaf-5ae2bc633116,
2026-02-09T20:51:01.954Z,log,ServiceWorker,marta_offline,service-worker.js,2339,33,handlePageRequest,,✅ Serving cached page from current cache: /,
2026-02-09T20:51:01.968Z,log,ServiceWorker,marta_offline,service-worker.js,1195,45,anonymous,,✅ Serving static file from cache: /TemplatePackage/4.0/assets/vendor/css/bootstrap.css,
2026-02-09T20:51:01.969Z,log,ServiceWorker,marta_offline,service-worker.js,1195,45,anonymous,,✅ Serving static file from cache: /TemplatePackage/4.0/assets/css/app.min.css,
2026-02-09T20:51:01.970Z,log,ServiceWorker,marta_offline,service-worker.js,1195,45,anonymous,,✅ Serving static file from cache: /styles/mmria-custom.css,
2026-02-09T20:51:01.970Z,log,ServiceWorker,marta_offline,service-worker.js,1195,45,anonymous,,✅ Serving static file from cache: /styles/template-package-override.css,
2026-02-09T20:51:01.971Z,log,ServiceWorker,marta_offline,service-worker.js,1195,45,anonymous,,✅ Serving static file from cache: /TemplatePackage/4.0/assets/vendor/js/jquery.min.js,
2026-02-09T20:51:01.972Z,log,ServiceWorker,marta_offline,service-worker.js,1195,45,anonymous,,✅ Serving static file from cache: /scripts/mmria.js,
2026-02-09T20:51:01.973Z,log,ServiceWorker,marta_offline,service-worker.js,1195,45,anonymous,,✅ Serving static file from cache: /scripts/Home/index.js,
2026-02-09T20:51:01.974Z,log,ServiceWorker,marta_offline,service-worker.js,1195,45,anonymous,,✅ Serving static file from cache: /scripts/offline/offline-logger.js,
2026-02-09T20:51:01.975Z,log,ServiceWorker,marta_offline,service-worker.js,1195,45,anonymous,,✅ Serving static file from cache: /scripts/offline/offline-debug-modal.js,
2026-02-09T20:51:01.976Z,log,ServiceWorker,marta_offline,service-worker.js,1195,45,anonymous,,✅ Serving static file from cache: /scripts/offline/offline-modals.js,
2026-02-09T20:51:01.977Z,log,ServiceWorker,marta_offline,service-worker.js,1195,45,anonymous,,✅ Serving static file from cache: /scripts/offline/offline-sync-manager.js,
2026-02-09T20:51:01.977Z,log,ServiceWorker,marta_offline,service-worker.js,1195,45,anonymous,,✅ Serving static file from cache: /scripts/offline/offline-home-page.js,
2026-02-09T20:51:01.978Z,log,ServiceWorker,marta_offline,service-worker.js,1195,45,anonymous,,✅ Serving static file from cache: /scripts/offline/offline-transition-manager.js,
2026-02-09T20:51:01.978Z,log,ServiceWorker,marta_offline,service-worker.js,1195,45,anonymous,,✅ Serving static file from cache: /css/index.css,
2026-02-09T20:51:01.979Z,log,ServiceWorker,marta_offline,service-worker.js,1195,45,anonymous,,✅ Serving static file from cache: /img/offline-index.svg,
2026-02-09T20:51:01.979Z,log,ServiceWorker,marta_offline,service-worker.js,1195,45,anonymous,,✅ Serving static file from cache: /scripts/offline/offline-logout-button.js,
2026-02-09T20:51:01.980Z,log,ServiceWorker,marta_offline,service-worker.js,1195,45,anonymous,,✅ Serving static file from cache: /scripts/mmria-custom.js,
2026-02-09T20:51:02.106Z,log,ServiceWorker,marta_offline,service-worker.js,1195,45,anonymous,,✅ Serving static file from cache: /scripts/offline/offline-status-manager.js,
2026-02-09T20:51:02.108Z,log,ServiceWorker,marta_offline,service-worker.js,1195,45,anonymous,,✅ Serving static file from cache: /scripts/offline/service-worker-manager.js,
2026-02-09T20:51:02.113Z,log,ServiceWorker,marta_offline,service-worker.js,1195,45,anonymous,,✅ Serving static file from cache: /scripts/shared/logout-handler.js,
2026-02-09T20:51:02.130Z,log,ServiceWorker,marta_offline,service-worker.js,1182,29,anonymous,,Processing print.css request: /TemplatePackage/4.0/assets/css/print.css,
2026-02-09T20:51:02.130Z,log,ServiceWorker,marta_offline,service-worker.js,1094,25,anonymous,,"Fetch event for print.css detected: {""pathname"":""/TemplatePackage/4.0/assets/css/print.css"",""method"":""GET"",""url"":""https://test-mmria.apps.ecpaas-dev.cdc.gov/TemplatePackage/4.0/assets/css/print.css"",""isOffline"":false}",
2026-02-09T20:51:02.130Z,log,ServiceWorker,marta_offline,service-worker.js,1183,29,anonymous,,STATIC_FILES includes print.css: true,
2026-02-09T20:51:02.132Z,log,ServiceWorker,marta_offline,service-worker.js,1195,45,anonymous,,✅ Serving static file from cache: /TemplatePackage/4.0/assets/vendor/css/bootstrap.css,
2026-02-09T20:51:02.133Z,log,ServiceWorker,marta_offline,service-worker.js,1195,45,anonymous,,✅ Serving static file from cache: /TemplatePackage/4.0/assets/css/print.css,
2026-02-09T20:51:02.133Z,log,ServiceWorker,marta_offline,service-worker.js,1195,45,anonymous,,✅ Serving static file from cache: /TemplatePackage/4.0/assets/css/app.min.css,
2026-02-09T20:51:02.142Z,log,ServiceWorker,marta_offline,service-worker.js,1195,45,anonymous,,✅ Serving static file from cache: /scripts/offline/offline-logger.js,
2026-02-09T20:51:02.162Z,log,ServiceWorker,marta_offline,service-worker.js,1452,21,anonymous,,Online - letting unmatched request go to network: https://test-mmria.apps.ecpaas-dev.cdc.gov/fonts/cdciconfont.woff2?2747808d2c4ae8c1059745ae5eddb65e,
2026-02-09T20:51:02.187Z,log,ServiceWorker,marta_offline,service-worker.js,1195,45,anonymous,,✅ Serving static file from cache: /scripts/offline/offline-debug-modal.js,
2026-02-09T20:51:02.191Z,log,ServiceWorker,marta_offline,service-worker.js,1195,45,anonymous,,✅ Serving static file from cache: /scripts/offline/offline-modals.js,
2026-02-09T20:51:02.194Z,log,ServiceWorker,marta_offline,service-worker.js,860,29,anonymous,,Received initial status setup from main thread,
2026-02-09T20:51:02.194Z,log,ServiceWorker,marta_offline,service-worker.js,868,29,anonymous,,"Initial status cached: {""offlineStatus"":true,""activeOfflineSession"":true}",
2026-02-09T20:51:02.197Z,log,OfflineStatusManager,marta_offline,offline-status-manager.js,76,28,HTMLDocument.<anonymous>,,Restarted service worker keep-alive after page load,
2026-02-09T20:51:02.198Z,log,LogoutHandler,marta_offline,logout-handler.js,231,20,HTMLDocument.<anonymous>,,"Offline mode detected, logout handlers initialized",
2026-02-09T20:51:02.308Z,log,ServiceWorker,marta_offline,service-worker.js,1452,21,anonymous,,Online - letting unmatched request go to network: https://test-mmria.apps.ecpaas-dev.cdc.gov/broadcast-message/GetBroadcastMessageList,
2026-02-09T20:51:02.488Z,log,ServiceWorker,marta_offline,service-worker.js,1452,21,anonymous,,Online - letting unmatched request go to network: https://test-mmria.apps.ecpaas-dev.cdc.gov/img/icon_warning.svg,
2026-02-09T20:51:05.288Z,log,ServiceWorker,marta_offline,service-worker.js,2290,21,handlePageRequest,,Handling page request for: /Case,
2026-02-09T20:51:05.289Z,log,ServiceWorker,marta_offline,service-worker.js,502,29,getActiveApiCacheName,,Using active session cache: mmria-api-v114-stable-session-1770669988094-41ea468b-937e-4e99-bdaf-5ae2bc633116,
2026-02-09T20:51:05.289Z,log,ServiceWorker,marta_offline,service-worker.js,2331,25,handlePageRequest,,"Offline detected, trying cache first for: /Case",
2026-02-09T20:51:05.289Z,log,ServiceWorker,marta_offline,service-worker.js,2105,29,isUserInOfflineMode,,Using cached offline status: true,
2026-02-09T20:51:05.289Z,log,ServiceWorker,marta_offline,service-worker.js,2326,25,handlePageRequest,,Protected route access granted - valid session and crypto key,
2026-02-09T20:51:05.289Z,log,ServiceWorker,marta_offline,service-worker.js,2202,29,hasActiveOfflineSession,,Using cached active offline session status: true,
2026-02-09T20:51:05.300Z,log,ServiceWorker,marta_offline,service-worker.js,2339,33,handlePageRequest,,✅ Serving cached page from current cache: /Case,
2026-02-09T20:51:05.308Z,log,ServiceWorker,marta_offline,service-worker.js,1195,45,anonymous,,✅ Serving static file from cache: /TemplatePackage/4.0/assets/css/app.min.css,
2026-02-09T20:51:05.310Z,log,ServiceWorker,marta_offline,service-worker.js,1195,45,anonymous,,✅ Serving static file from cache: /styles/mmria-custom.css,
2026-02-09T20:51:05.311Z,log,ServiceWorker,marta_offline,service-worker.js,1195,45,anonymous,,✅ Serving static file from cache: /TemplatePackage/4.0/assets/vendor/css/bootstrap.css,
2026-02-09T20:51:05.313Z,log,ServiceWorker,marta_offline,service-worker.js,1195,45,anonymous,,✅ Serving static file from cache: /styles/template-package-override.css,
2026-02-09T20:51:05.314Z,log,ServiceWorker,marta_offline,service-worker.js,1195,45,anonymous,,✅ Serving static file from cache: /TemplatePackage/4.0/assets/vendor/js/jquery.min.js,
2026-02-09T20:51:05.316Z,log,ServiceWorker,marta_offline,service-worker.js,1195,45,anonymous,,✅ Serving static file from cache: /styles/jquery/jquery.timepicker.css,
2026-02-09T20:51:05.317Z,log,ServiceWorker,marta_offline,service-worker.js,1195,45,anonymous,,✅ Serving static file from cache: /styles/jquery/jquery.datetimepicker.css,
2026-02-09T20:51:05.318Z,log,ServiceWorker,marta_offline,service-worker.js,1195,45,anonymous,,✅ Serving static file from cache: /styles/bootstrap/bootstrap-datetimepicker.min.css,
2026-02-09T20:51:05.323Z,log,ServiceWorker,marta_offline,service-worker.js,1195,45,anonymous,,✅ Serving static file from cache: /styles/bootstrap/jquery.bootstrap-touchspin.min.css,
2026-02-09T20:51:05.324Z,log,ServiceWorker,marta_offline,service-worker.js,1195,45,anonymous,,✅ Serving static file from cache: /styles/d3/c3/0.7.20/c3.min.css,
2026-02-09T20:51:05.324Z,log,ServiceWorker,marta_offline,service-worker.js,1195,45,anonymous,,✅ Serving static file from cache: /styles/flatpickr/flatpickr.min.css,
2026-02-09T20:51:05.325Z,log,ServiceWorker,marta_offline,service-worker.js,1195,45,anonymous,,✅ Serving static file from cache: /css/animate.css,
2026-02-09T20:51:05.327Z,log,ServiceWorker,marta_offline,service-worker.js,1373,25,anonymous,,🎯 Routing API request to handleApiRequest: /api/version/26.01.20/validation,
2026-02-09T20:51:05.328Z,log,ServiceWorker,marta_offline,service-worker.js,1475,25,handleApiRequest,,✅ Cache-first strategy for: /api/version/26.01.20/validation,
2026-02-09T20:51:05.328Z,log,ServiceWorker,marta_offline,service-worker.js,1462,21,handleApiRequest,,🔍 Service Worker: Full URL: https://test-mmria.apps.ecpaas-dev.cdc.gov/api/version/26.01.20/validation,
2026-02-09T20:51:05.328Z,log,ServiceWorker,marta_offline,service-worker.js,1461,21,handleApiRequest,,🔍 Service Worker: handleApiRequest called for: /api/version/26.01.20/validation,
2026-02-09T20:51:05.328Z,log,ServiceWorker,marta_offline,service-worker.js,1463,21,handleApiRequest,,🔍 Service Worker: Request method: GET,
2026-02-09T20:51:05.329Z,log,ServiceWorker,marta_offline,service-worker.js,1195,45,anonymous,,✅ Serving static file from cache: /js/jquery.bxslider.min.js,
2026-02-09T20:51:05.330Z,log,ServiceWorker,marta_offline,service-worker.js,1195,45,anonymous,,✅ Serving static file from cache: /TemplatePackage/4.0/assets/vendor/js/bootstrap.min.js,
2026-02-09T20:51:05.330Z,log,ServiceWorker,marta_offline,service-worker.js,1195,45,anonymous,,✅ Serving static file from cache: /js/jquery.easing.min.js,
2026-02-09T20:51:05.331Z,log,ServiceWorker,marta_offline,service-worker.js,1195,45,anonymous,,✅ Serving static file from cache: /js/wow.js,
2026-02-09T20:51:05.333Z,log,ServiceWorker,marta_offline,service-worker.js,1195,45,anonymous,,✅ Serving static file from cache: /scripts/jquery-ui.min.js,
2026-02-09T20:51:05.334Z,log,ServiceWorker,marta_offline,service-worker.js,1195,45,anonymous,,✅ Serving static file from cache: /scripts/jquery/moment.js,
2026-02-09T20:51:05.335Z,log,ServiceWorker,marta_offline,service-worker.js,1195,45,anonymous,,✅ Serving static file from cache: /scripts/jquery/jquery.timepicker.js,
2026-02-09T20:51:05.336Z,log,ServiceWorker,marta_offline,service-worker.js,1195,45,anonymous,,✅ Serving static file from cache: /scripts/jquery/jquery.numeric.min.js,
2026-02-09T20:51:05.336Z,log,ServiceWorker,marta_offline,service-worker.js,1195,45,anonymous,,✅ Serving static file from cache: /scripts/jquery/jquery.datetimepicker.js,
2026-02-09T20:51:05.338Z,log,ServiceWorker,marta_offline,service-worker.js,1513,29,handleApiRequest,,✅ Cache hit: /api/version/26.01.20/validation,
2026-02-09T20:51:05.341Z,log,ServiceWorker,marta_offline,service-worker.js,1195,45,anonymous,,✅ Serving static file from cache: /scripts/bootstrap/jquery.bootstrap-touchspin.min.js,
2026-02-09T20:51:05.342Z,log,ServiceWorker,marta_offline,service-worker.js,1195,45,anonymous,,✅ Serving static file from cache: /scripts/bootstrap/bootstrap-datetimepicker.min.js,
2026-02-09T20:51:05.343Z,log,ServiceWorker,marta_offline,service-worker.js,1195,45,anonymous,,✅ Serving static file from cache: /scripts/flatpickr/flatpickr.js,
2026-02-09T20:51:05.344Z,log,ServiceWorker,marta_offline,service-worker.js,1195,45,anonymous,,✅ Serving static file from cache: /scripts/esprima.js,
2026-02-09T20:51:05.345Z,log,ServiceWorker,marta_offline,service-worker.js,1195,45,anonymous,,✅ Serving static file from cache: /scripts/mmria.js,
2026-02-09T20:51:05.345Z,log,ServiceWorker,marta_offline,service-worker.js,1195,45,anonymous,,✅ Serving static file from cache: /scripts/escodegen.browser.js,
2026-02-09T20:51:05.346Z,log,ServiceWorker,marta_offline,service-worker.js,1195,45,anonymous,,✅ Serving static file from cache: /scripts/d3/d3/v5/d3.v5.min.js,
2026-02-09T20:51:05.347Z,log,ServiceWorker,marta_offline,service-worker.js,1195,45,anonymous,,✅ Serving static file from cache: /scripts/d3/c3/0.7.20/c3.min.js,
2026-02-09T20:51:05.347Z,log,ServiceWorker,marta_offline,service-worker.js,1195,45,anonymous,,✅ Serving static file from cache: /scripts/rxjs/7.5.5/rxjs.umd.min.js,
2026-02-09T20:51:05.348Z,log,ServiceWorker,marta_offline,service-worker.js,1195,45,anonymous,,✅ Serving static file from cache: /scripts/peg.js/0.10.0/peg.js,
2026-02-09T20:51:05.349Z,log,ServiceWorker,marta_offline,service-worker.js,1195,45,anonymous,,✅ Serving static file from cache: /scripts/metadata_summary.js,
2026-02-09T20:51:05.350Z,log,ServiceWorker,marta_offline,service-worker.js,1195,45,anonymous,,✅ Serving static file from cache: /scripts/editor/navigation_renderer.js,
2026-02-09T20:51:05.352Z,log,ServiceWorker,marta_offline,service-worker.js,1195,45,anonymous,,✅ Serving static file from cache: /scripts/offline/offline-status-manager.js,
2026-02-09T20:51:05.353Z,log,ServiceWorker,marta_offline,service-worker.js,1195,45,anonymous,,✅ Serving static file from cache: /scripts/offline/offline-logger.js,
2026-02-09T20:51:05.354Z,log,ServiceWorker,marta_offline,service-worker.js,1195,45,anonymous,,✅ Serving static file from cache: /scripts/offline/offline-utils.js,
2026-02-09T20:51:05.355Z,log,ServiceWorker,marta_offline,service-worker.js,1195,45,anonymous,,✅ Serving static file from cache: /scripts/offline/offline-network-monitor.js,
2026-02-09T20:51:05.355Z,log,ServiceWorker,marta_offline,service-worker.js,1195,45,anonymous,,✅ Serving static file from cache: /scripts/offline/offline-session-validator.js,
2026-02-09T20:51:05.356Z,log,ServiceWorker,marta_offline,service-worker.js,1195,45,anonymous,,✅ Serving static file from cache: /scripts/offline/offline-change-tracker.js,
2026-02-09T20:51:05.357Z,log,ServiceWorker,marta_offline,service-worker.js,1195,45,anonymous,,✅ Serving static file from cache: /scripts/offline/offline-sync-manager.js,
2026-02-09T20:51:05.357Z,log,ServiceWorker,marta_offline,service-worker.js,1195,45,anonymous,,✅ Serving static file from cache: /scripts/offline/offline-case-manager.js,
2026-02-09T20:51:05.358Z,log,ServiceWorker,marta_offline,service-worker.js,1195,45,anonymous,,✅ Serving static file from cache: /scripts/offline/offline-session-manager.js,
2026-02-09T20:51:05.359Z,log,ServiceWorker,marta_offline,service-worker.js,1195,45,anonymous,,✅ Serving static file from cache: /scripts/offline/offline-navigation-manager.js,
2026-02-09T20:51:05.360Z,log,ServiceWorker,marta_offline,service-worker.js,1195,45,anonymous,,✅ Serving static file from cache: /scripts/offline/offline-ui-renderer.js,
2026-02-09T20:51:05.360Z,log,ServiceWorker,marta_offline,service-worker.js,1195,45,anonymous,,✅ Serving static file from cache: /scripts/offline/offline-modals.js,
2026-02-09T20:51:05.361Z,log,ServiceWorker,marta_offline,service-worker.js,1195,45,anonymous,,✅ Serving static file from cache: /scripts/offline/offline-transition-manager.js,
2026-02-09T20:51:05.362Z,log,ServiceWorker,marta_offline,service-worker.js,1195,45,anonymous,,✅ Serving static file from cache: /scripts/editor/page_renderer/app.mmria.js,
2026-02-09T20:51:05.363Z,log,ServiceWorker,marta_offline,service-worker.js,1195,45,anonymous,,✅ Serving static file from cache: /scripts/editor/page_renderer/boolean.js,
2026-02-09T20:51:05.363Z,log,ServiceWorker,marta_offline,service-worker.js,1195,45,anonymous,,✅ Serving static file from cache: /scripts/editor/page_renderer/chart.js,
2026-02-09T20:51:05.364Z,log,ServiceWorker,marta_offline,service-worker.js,1195,45,anonymous,,✅ Serving static file from cache: /scripts/editor/page_renderer/date.mmria.js,
2026-02-09T20:51:05.365Z,log,ServiceWorker,marta_offline,service-worker.js,1195,45,anonymous,,✅ Serving static file from cache: /scripts/editor/page_renderer/form.mmria.js,
2026-02-09T20:51:05.365Z,log,ServiceWorker,marta_offline,service-worker.js,1195,45,anonymous,,✅ Serving static file from cache: /scripts/editor/page_renderer/datetime.js,
2026-02-09T20:51:05.366Z,log,ServiceWorker,marta_offline,service-worker.js,1195,45,anonymous,,✅ Serving static file from cache: /scripts/editor/page_renderer/form.pmss.attachment.js,
2026-02-09T20:51:05.367Z,log,ServiceWorker,marta_offline,service-worker.js,1195,45,anonymous,,✅ Serving static file from cache: /scripts/editor/page_renderer/group.js,
2026-02-09T20:51:05.367Z,log,ServiceWorker,marta_offline,service-worker.js,1195,45,anonymous,,✅ Serving static file from cache: /scripts/editor/page_renderer/grid.js,
2026-02-09T20:51:05.368Z,log,ServiceWorker,marta_offline,service-worker.js,1195,45,anonymous,,✅ Serving static file from cache: /scripts/editor/page_renderer/hidden.js,
2026-02-09T20:51:05.369Z,log,ServiceWorker,marta_offline,service-worker.js,1195,45,anonymous,,✅ Serving static file from cache: /scripts/editor/page_renderer/label.js,
2026-02-09T20:51:05.369Z,log,ServiceWorker,marta_offline,service-worker.js,1195,45,anonymous,,✅ Serving static file from cache: /scripts/editor/page_renderer/jurisdiction.js,
2026-02-09T20:51:05.370Z,log,ServiceWorker,marta_offline,service-worker.js,1195,45,anonymous,,✅ Serving static file from cache: /scripts/editor/page_renderer/number.js,
2026-02-09T20:51:05.370Z,log,ServiceWorker,marta_offline,service-worker.js,1195,45,anonymous,,✅ Serving static file from cache: /scripts/editor/page_renderer/list.js,
2026-02-09T20:51:05.371Z,log,ServiceWorker,marta_offline,service-worker.js,1195,45,anonymous,,✅ Serving static file from cache: /scripts/editor/page_renderer/string.js,
2026-02-09T20:51:05.371Z,log,ServiceWorker,marta_offline,service-worker.js,1195,45,anonymous,,✅ Serving static file from cache: /scripts/editor/page_renderer/textarea.js,
2026-02-09T20:51:05.372Z,log,ServiceWorker,marta_offline,service-worker.js,1195,45,anonymous,,✅ Serving static file from cache: /scripts/editor/page_renderer/html_area.js,
2026-02-09T20:51:05.373Z,log,ServiceWorker,marta_offline,service-worker.js,1195,45,anonymous,,✅ Serving static file from cache: /scripts/editor/page_renderer.js,
2026-02-09T20:51:05.373Z,log,ServiceWorker,marta_offline,service-worker.js,1195,45,anonymous,,✅ Serving static file from cache: /scripts/editor/page_renderer/time.js,
2026-02-09T20:51:05.374Z,log,ServiceWorker,marta_offline,service-worker.js,1195,45,anonymous,,✅ Serving static file from cache: /scripts/editor/apply_sort.js,
2026-02-09T20:51:05.374Z,log,ServiceWorker,marta_offline,service-worker.js,1195,45,anonymous,,✅ Serving static file from cache: /scripts/create_default_object.js,
2026-02-09T20:51:05.375Z,log,ServiceWorker,marta_offline,service-worker.js,1195,45,anonymous,,✅ Serving static file from cache: /scripts/url_monitor.js,
2026-02-09T20:51:05.376Z,log,ServiceWorker,marta_offline,service-worker.js,1195,45,anonymous,,✅ Serving static file from cache: /scripts/case/index.js,
2026-02-09T20:51:05.376Z,log,ServiceWorker,marta_offline,service-worker.js,1195,45,anonymous,,✅ Serving static file from cache: /scripts/case/index.mmria.js,
2026-02-09T20:51:05.378Z,log,ServiceWorker,marta_offline,service-worker.js,1195,45,anonymous,,✅ Serving static file from cache: /scripts/case/search_view.js,
2026-02-09T20:51:05.380Z,log,ServiceWorker,marta_offline,service-worker.js,1195,45,anonymous,,✅ Serving static file from cache: /scripts/case/conversion-calculator.js,
2026-02-09T20:51:05.380Z,log,ServiceWorker,marta_offline,service-worker.js,1195,45,anonymous,,✅ Serving static file from cache: /styles/bootstrap/bootstrap-timepicker.css,
2026-02-09T20:51:05.381Z,log,ServiceWorker,marta_offline,service-worker.js,1195,45,anonymous,,✅ Serving static file from cache: /scripts/bootstrap/bootstrap-timepicker.js,
2026-02-09T20:51:05.382Z,log,ServiceWorker,marta_offline,service-worker.js,1195,45,anonymous,,✅ Serving static file from cache: /scripts/trumbowyg/trumbowyg.min.js,
2026-02-09T20:51:05.382Z,log,ServiceWorker,marta_offline,service-worker.js,1195,45,anonymous,,✅ Serving static file from cache: /styles/trumbowyg/trumbowyg.min.css,
2026-02-09T20:51:05.383Z,log,ServiceWorker,marta_offline,service-worker.js,1195,45,anonymous,,✅ Serving static file from cache: /scripts/trumbowyg/trumbowyg.colors.min.js,
2026-02-09T20:51:05.383Z,log,ServiceWorker,marta_offline,service-worker.js,1195,45,anonymous,,✅ Serving static file from cache: /scripts/trumbowyg/trumbowyg.fontsize.min.js,
2026-02-09T20:51:05.384Z,log,ServiceWorker,marta_offline,service-worker.js,1195,45,anonymous,,✅ Serving static file from cache: /img/offline-info.svg,
2026-02-09T20:51:05.384Z,log,ServiceWorker,marta_offline,service-worker.js,1195,45,anonymous,,✅ Serving static file from cache: /scripts/offline/offline-logout-button.js,
2026-02-09T20:51:05.385Z,log,ServiceWorker,marta_offline,service-worker.js,1195,45,anonymous,,✅ Serving static file from cache: /scripts/mmria-custom.js,
2026-02-09T20:51:05.405Z,log,ServiceWorker,marta_offline,service-worker.js,1195,45,anonymous,,✅ Serving static file from cache: /scripts/offline/offline-debug-modal.js,
2026-02-09T20:51:05.413Z,log,ServiceWorker,marta_offline,service-worker.js,1195,45,anonymous,,✅ Serving static file from cache: /scripts/offline/service-worker-manager.js,
2026-02-09T20:51:05.499Z,log,ServiceWorker,marta_offline,service-worker.js,1182,29,anonymous,,Processing print.css request: /TemplatePackage/4.0/assets/css/print.css,
2026-02-09T20:51:05.499Z,log,ServiceWorker,marta_offline,service-worker.js,1094,25,anonymous,,"Fetch event for print.css detected: {""pathname"":""/TemplatePackage/4.0/assets/css/print.css"",""method"":""GET"",""url"":""https://test-mmria.apps.ecpaas-dev.cdc.gov/TemplatePackage/4.0/assets/css/print.css"",""isOffline"":false}",
2026-02-09T20:51:05.499Z,log,ServiceWorker,marta_offline,service-worker.js,1183,29,anonymous,,STATIC_FILES includes print.css: true,
2026-02-09T20:51:05.501Z,log,ServiceWorker,marta_offline,service-worker.js,1195,45,anonymous,,✅ Serving static file from cache: /TemplatePackage/4.0/assets/css/app.min.css,
2026-02-09T20:51:05.502Z,log,ServiceWorker,marta_offline,service-worker.js,1195,45,anonymous,,✅ Serving static file from cache: /TemplatePackage/4.0/assets/css/print.css,
2026-02-09T20:51:05.502Z,log,ServiceWorker,marta_offline,service-worker.js,1195,45,anonymous,,✅ Serving static file from cache: /scripts/shared/logout-handler.js,
2026-02-09T20:51:05.503Z,log,ServiceWorker,marta_offline,service-worker.js,1195,45,anonymous,,✅ Serving static file from cache: /TemplatePackage/4.0/assets/vendor/css/bootstrap.css,
2026-02-09T20:51:05.521Z,log,ServiceWorker,marta_offline,service-worker.js,1195,45,anonymous,,✅ Serving static file from cache: /scripts/offline/offline-status-manager.js,
2026-02-09T20:51:05.523Z,log,ServiceWorker,marta_offline,service-worker.js,1195,45,anonymous,,✅ Serving static file from cache: /TemplatePackage/4.0/assets/fonts/cdciconfont.woff2,
2026-02-09T20:51:05.539Z,log,ServiceWorker,marta_offline,service-worker.js,1195,45,anonymous,,✅ Serving static file from cache: /scripts/offline/offline-logger.js,
2026-02-09T20:51:05.546Z,log,ServiceWorker,marta_offline,service-worker.js,1195,45,anonymous,,✅ Serving static file from cache: /scripts/offline/offline-modals.js,
2026-02-09T20:51:05.549Z,log,OfflineStatusManager,marta_offline,offline-status-manager.js,76,28,HTMLDocument.<anonymous>,,Restarted service worker keep-alive after page load,
2026-02-09T20:51:05.550Z,log,ServiceWorker,marta_offline,service-worker.js,1127,25,anonymous,,Skipping cache for connectivity check: https://test-mmria.apps.ecpaas-dev.cdc.gov/api/OfflineCase/connectivity-check?t=1770670265550,
2026-02-09T20:51:05.551Z,log,LogoutHandler,marta_offline,logout-handler.js,236,24,HTMLDocument.<anonymous>,,"Protected route detected, validating offline session...",
2026-02-09T20:51:05.551Z,log,ServiceWorker,marta_offline,service-worker.js,1127,25,anonymous,,Skipping cache for connectivity check: https://test-mmria.apps.ecpaas-dev.cdc.gov/api/OfflineCase/connectivity-check?t=1770670265550,
2026-02-09T20:51:05.551Z,log,LogoutHandler,marta_offline,logout-handler.js,231,20,HTMLDocument.<anonymous>,,"Offline mode detected, logout handlers initialized",
2026-02-09T20:51:05.554Z,log,ServiceWorker,marta_offline,service-worker.js,868,29,anonymous,,"Initial status cached: {""offlineStatus"":true,""activeOfflineSession"":true}",
2026-02-09T20:51:05.554Z,log,ServiceWorker,marta_offline,service-worker.js,860,29,anonymous,,Received initial status setup from main thread,
2026-02-09T20:51:05.555Z,log,ServiceWorker,marta_offline,service-worker.js,1373,25,anonymous,,🎯 Routing API request to handleApiRequest: /api/cvsAPI,
2026-02-09T20:51:05.555Z,log,ServiceWorker,marta_offline,service-worker.js,1461,21,handleApiRequest,,🔍 Service Worker: handleApiRequest called for: /api/cvsAPI,
2026-02-09T20:51:05.556Z,log,ServiceWorker,marta_offline,service-worker.js,2105,29,isUserInOfflineMode,,Using cached offline status: true,
2026-02-09T20:51:05.556Z,log,ServiceWorker,marta_offline,service-worker.js,1462,21,handleApiRequest,,🔍 Service Worker: Full URL: https://test-mmria.apps.ecpaas-dev.cdc.gov/api/cvsAPI,
2026-02-09T20:51:05.556Z,log,ServiceWorker,marta_offline,service-worker.js,1475,25,handleApiRequest,,✅ Cache-first strategy for: /api/cvsAPI,
2026-02-09T20:51:05.556Z,log,ServiceWorker,marta_offline,service-worker.js,1463,21,handleApiRequest,,🔍 Service Worker: Request method: POST,
2026-02-09T20:51:05.556Z,log,ServiceWorker,marta_offline,service-worker.js,2202,29,hasActiveOfflineSession,,Using cached active offline session status: true,
2026-02-09T20:51:05.557Z,log,ServiceWorker,marta_offline,service-worker.js,1588,29,handleApiRequest,,🔌 OFFLINE - skipping network request for: https://test-mmria.apps.ecpaas-dev.cdc.gov/api/cvsAPI,
2026-02-09T20:51:05.558Z,log,ServiceWorker,marta_offline,service-worker.js,1462,21,handleApiRequest,,🔍 Service Worker: Full URL: https://test-mmria.apps.ecpaas-dev.cdc.gov/api/jurisdiction_tree,
2026-02-09T20:51:05.558Z,log,ServiceWorker,marta_offline,service-worker.js,1373,25,anonymous,,🎯 Routing API request to handleApiRequest: /api/jurisdiction_tree,
2026-02-09T20:51:05.558Z,log,ServiceWorker,marta_offline,service-worker.js,1463,21,handleApiRequest,,🔍 Service Worker: Request method: GET,
2026-02-09T20:51:05.558Z,log,ServiceWorker,marta_offline,service-worker.js,1461,21,handleApiRequest,,🔍 Service Worker: handleApiRequest called for: /api/jurisdiction_tree,
2026-02-09T20:51:05.559Z,log,ServiceWorker,marta_offline,service-worker.js,1475,25,handleApiRequest,,✅ Cache-first strategy for: /api/jurisdiction_tree,
2026-02-09T20:51:05.563Z,log,ServiceWorker,marta_offline,service-worker.js,1513,29,handleApiRequest,,✅ Cache hit: /api/jurisdiction_tree,
2026-02-09T20:51:05.567Z,log,ServiceWorker,marta_offline,service-worker.js,1461,21,handleApiRequest,,🔍 Service Worker: handleApiRequest called for: /_users/GetFormAccess,
2026-02-09T20:51:05.567Z,log,ServiceWorker,marta_offline,service-worker.js,1373,25,anonymous,,🎯 Routing API request to handleApiRequest: /_users/GetFormAccess,
2026-02-09T20:51:05.567Z,log,ServiceWorker,marta_offline,service-worker.js,1462,21,handleApiRequest,,🔍 Service Worker: Full URL: https://test-mmria.apps.ecpaas-dev.cdc.gov/_users/GetFormAccess,
2026-02-09T20:51:05.567Z,log,ServiceWorker,marta_offline,service-worker.js,1475,25,handleApiRequest,,✅ Cache-first strategy for: /_users/GetFormAccess,
2026-02-09T20:51:05.567Z,log,ServiceWorker,marta_offline,service-worker.js,1463,21,handleApiRequest,,🔍 Service Worker: Request method: GET,
2026-02-09T20:51:05.568Z,log,ServiceWorker,marta_offline,service-worker.js,1513,29,handleApiRequest,,✅ Cache hit: /_users/GetFormAccess,
2026-02-09T20:51:05.570Z,log,ServiceWorker,marta_offline,service-worker.js,1462,21,handleApiRequest,,🔍 Service Worker: Full URL: https://test-mmria.apps.ecpaas-dev.cdc.gov/api/user/my-user,
2026-02-09T20:51:05.570Z,log,ServiceWorker,marta_offline,service-worker.js,1475,25,handleApiRequest,,✅ Cache-first strategy for: /api/user/my-user,
2026-02-09T20:51:05.570Z,log,ServiceWorker,marta_offline,service-worker.js,1463,21,handleApiRequest,,🔍 Service Worker: Request method: GET,
2026-02-09T20:51:05.570Z,log,ServiceWorker,marta_offline,service-worker.js,1461,21,handleApiRequest,,🔍 Service Worker: handleApiRequest called for: /api/user/my-user,
2026-02-09T20:51:05.570Z,log,ServiceWorker,marta_offline,service-worker.js,1373,25,anonymous,,🎯 Routing API request to handleApiRequest: /api/user/my-user,
2026-02-09T20:51:05.571Z,log,ServiceWorker,marta_offline,service-worker.js,1513,29,handleApiRequest,,✅ Cache hit: /api/user/my-user,
2026-02-09T20:51:05.573Z,log,ServiceWorker,marta_offline,service-worker.js,1463,21,handleApiRequest,,🔍 Service Worker: Request method: GET,
2026-02-09T20:51:05.573Z,log,ServiceWorker,marta_offline,service-worker.js,1475,25,handleApiRequest,,✅ Cache-first strategy for: /Case/GetDuplicateMultiFormList,
2026-02-09T20:51:05.573Z,log,ServiceWorker,marta_offline,service-worker.js,1462,21,handleApiRequest,,🔍 Service Worker: Full URL: https://test-mmria.apps.ecpaas-dev.cdc.gov/Case/GetDuplicateMultiFormList,
2026-02-09T20:51:05.573Z,log,ServiceWorker,marta_offline,service-worker.js,1461,21,handleApiRequest,,🔍 Service Worker: handleApiRequest called for: /Case/GetDuplicateMultiFormList,
2026-02-09T20:51:05.573Z,log,ServiceWorker,marta_offline,service-worker.js,1373,25,anonymous,,🎯 Routing API request to handleApiRequest: /Case/GetDuplicateMultiFormList,
2026-02-09T20:51:05.575Z,log,ServiceWorker,marta_offline,service-worker.js,1513,29,handleApiRequest,,✅ Cache hit: /Case/GetDuplicateMultiFormList,
2026-02-09T20:51:05.577Z,log,ServiceWorker,marta_offline,service-worker.js,1461,21,handleApiRequest,,🔍 Service Worker: handleApiRequest called for: /api/user_role_jurisdiction_view/my-roles,
2026-02-09T20:51:05.577Z,log,ServiceWorker,marta_offline,service-worker.js,1373,25,anonymous,,🎯 Routing API request to handleApiRequest: /api/user_role_jurisdiction_view/my-roles,
2026-02-09T20:51:05.578Z,log,ServiceWorker,marta_offline,service-worker.js,1475,25,handleApiRequest,,✅ Cache-first strategy for: /api/user_role_jurisdiction_view/my-roles,
2026-02-09T20:51:05.578Z,log,ServiceWorker,marta_offline,service-worker.js,1462,21,handleApiRequest,,🔍 Service Worker: Full URL: https://test-mmria.apps.ecpaas-dev.cdc.gov/api/user_role_jurisdiction_view/my-roles,
2026-02-09T20:51:05.578Z,log,ServiceWorker,marta_offline,service-worker.js,1463,21,handleApiRequest,,🔍 Service Worker: Request method: GET,
2026-02-09T20:51:05.579Z,log,ServiceWorker,marta_offline,service-worker.js,1513,29,handleApiRequest,,✅ Cache hit: /api/user_role_jurisdiction_view/my-roles,
2026-02-09T20:51:05.581Z,log,ServiceWorker,marta_offline,service-worker.js,1373,25,anonymous,,🎯 Routing API request to handleApiRequest: /api/version/release-version,
2026-02-09T20:51:05.581Z,log,ServiceWorker,marta_offline,service-worker.js,1461,21,handleApiRequest,,🔍 Service Worker: handleApiRequest called for: /api/version/release-version,
2026-02-09T20:51:05.581Z,log,ServiceWorker,marta_offline,service-worker.js,1463,21,handleApiRequest,,🔍 Service Worker: Request method: GET,
2026-02-09T20:51:05.581Z,log,ServiceWorker,marta_offline,service-worker.js,1462,21,handleApiRequest,,🔍 Service Worker: Full URL: https://test-mmria.apps.ecpaas-dev.cdc.gov/api/version/release-version,
2026-02-09T20:51:05.582Z,log,ServiceWorker,marta_offline,service-worker.js,1475,25,handleApiRequest,,✅ Cache-first strategy for: /api/version/release-version,
2026-02-09T20:51:05.583Z,log,ServiceWorker,marta_offline,service-worker.js,1513,29,handleApiRequest,,✅ Cache hit: /api/version/release-version,
2026-02-09T20:51:05.584Z,log,ServiceWorker,marta_offline,service-worker.js,1373,25,anonymous,,🎯 Routing API request to handleApiRequest: /api/version/26.01.20/ui_specification,
2026-02-09T20:51:05.584Z,log,ServiceWorker,marta_offline,service-worker.js,1463,21,handleApiRequest,,🔍 Service Worker: Request method: GET,
2026-02-09T20:51:05.584Z,log,ServiceWorker,marta_offline,service-worker.js,1462,21,handleApiRequest,,🔍 Service Worker: Full URL: https://test-mmria.apps.ecpaas-dev.cdc.gov/api/version/26.01.20/ui_specification,
2026-02-09T20:51:05.584Z,log,ServiceWorker,marta_offline,service-worker.js,1461,21,handleApiRequest,,🔍 Service Worker: handleApiRequest called for: /api/version/26.01.20/ui_specification,
2026-02-09T20:51:05.585Z,log,ServiceWorker,marta_offline,service-worker.js,1475,25,handleApiRequest,,✅ Cache-first strategy for: /api/version/26.01.20/ui_specification,
2026-02-09T20:51:05.586Z,log,ServiceWorker,marta_offline,service-worker.js,1513,29,handleApiRequest,,✅ Cache hit: /api/version/26.01.20/ui_specification,
2026-02-09T20:51:05.591Z,log,ServiceWorker,marta_offline,service-worker.js,1462,21,handleApiRequest,,🔍 Service Worker: Full URL: https://test-mmria.apps.ecpaas-dev.cdc.gov/api/version/26.01.20/metadata,
2026-02-09T20:51:05.591Z,log,ServiceWorker,marta_offline,service-worker.js,1373,25,anonymous,,🎯 Routing API request to handleApiRequest: /api/version/26.01.20/metadata,
2026-02-09T20:51:05.591Z,log,ServiceWorker,marta_offline,service-worker.js,1461,21,handleApiRequest,,🔍 Service Worker: handleApiRequest called for: /api/version/26.01.20/metadata,
2026-02-09T20:51:05.591Z,log,ServiceWorker,marta_offline,service-worker.js,1463,21,handleApiRequest,,🔍 Service Worker: Request method: GET,
2026-02-09T20:51:05.591Z,log,ServiceWorker,marta_offline,service-worker.js,1475,25,handleApiRequest,,✅ Cache-first strategy for: /api/version/26.01.20/metadata,
2026-02-09T20:51:05.594Z,log,ServiceWorker,marta_offline,service-worker.js,1513,29,handleApiRequest,,✅ Cache hit: /api/version/26.01.20/metadata,
2026-02-09T20:51:05.597Z,log,ServiceWorker,marta_offline,service-worker.js,1195,45,anonymous,,✅ Serving static file from cache: /TemplatePackage/4.0/assets/fonts/merriweather-v19-latin-regular.woff2,
2026-02-09T20:51:05.614Z,log,CaseIndex,marta_offline,index.js,1608,20,load_and_set_data,,📴 Running in offline mode - loading from cache only,
2026-02-09T20:51:05.615Z,log,OfflineCaseManager,marta_offline,offline-case-manager.js,438,20,ensure_offline_initialization,,Offline initialization complete,
2026-02-09T20:51:05.616Z,log,ServiceWorker,marta_offline,service-worker.js,1461,21,handleApiRequest,,🔍 Service Worker: handleApiRequest called for: /api/case_view/offline-documents,
2026-02-09T20:51:05.616Z,log,ServiceWorker,marta_offline,service-worker.js,1373,25,anonymous,,🎯 Routing API request to handleApiRequest: /api/case_view/offline-documents,
2026-02-09T20:51:05.617Z,log,ServiceWorker,marta_offline,service-worker.js,1462,21,handleApiRequest,,🔍 Service Worker: Full URL: https://test-mmria.apps.ecpaas-dev.cdc.gov/api/case_view/offline-documents,
2026-02-09T20:51:05.617Z,log,ServiceWorker,marta_offline,service-worker.js,1463,21,handleApiRequest,,🔍 Service Worker: Request method: GET,
2026-02-09T20:51:05.617Z,log,ServiceWorker,marta_offline,service-worker.js,1475,25,handleApiRequest,,✅ Cache-first strategy for: /api/case_view/offline-documents,
2026-02-09T20:51:05.617Z,log,ServiceWorker,marta_offline,service-worker.js,3004,25,getCachedOfflineCaseList,,getCachedOfflineCaseList - Starting to retrieve cached cases,
2026-02-09T20:51:05.617Z,log,ServiceWorker,marta_offline,service-worker.js,502,29,getActiveApiCacheName,,Using active session cache: mmria-api-v114-stable-session-1770669988094-41ea468b-937e-4e99-bdaf-5ae2bc633116,
2026-02-09T20:51:05.631Z,log,ServiceWorker,marta_offline,service-worker.js,3011,25,getCachedOfflineCaseList,,Searching API cache (mmria-api-v114-stable-session-1770669988094-41ea468b-937e-4e99-bdaf-5ae2bc633116) for case data. Found 24 cached requests,
2026-02-09T20:51:05.631Z,log,ServiceWorker,marta_offline,service-worker.js,3021,33,getCachedOfflineCaseList,,Processing cached case request: /api/case?case_id=d055795e-593b-4fa4-8d0b-6d926681fcf7,
2026-02-09T20:51:05.634Z,log,ServiceWorker,marta_offline,service-worker.js,3081,37,getCachedOfflineCaseList,,Created case view item: d055795e-593b-4fa4-8d0b-6d926681fcf7,
2026-02-09T20:51:05.634Z,log,ServiceWorker,marta_offline,service-worker.js,3047,37,getCachedOfflineCaseList,,Cached case data structure for d055795e-593b-4fa4-8d0b-6d926681fcf7,
2026-02-09T20:51:05.635Z,log,ServiceWorker,marta_offline,service-worker.js,3021,33,getCachedOfflineCaseList,,Processing cached case request: /api/case?case_id=ad3cfd01-fd8f-45d8-9084-be8738efdd0e,
2026-02-09T20:51:05.637Z,log,ServiceWorker,marta_offline,service-worker.js,3081,37,getCachedOfflineCaseList,,Created case view item: ad3cfd01-fd8f-45d8-9084-be8738efdd0e,
2026-02-09T20:51:05.637Z,log,ServiceWorker,marta_offline,service-worker.js,3047,37,getCachedOfflineCaseList,,Cached case data structure for ad3cfd01-fd8f-45d8-9084-be8738efdd0e,
2026-02-09T20:51:05.638Z,log,ServiceWorker,marta_offline,service-worker.js,3021,33,getCachedOfflineCaseList,,Processing cached case request: /api/case?case_id=a0103263-654c-4d21-818e-3ddc0e1b78ba,
2026-02-09T20:51:05.639Z,log,ServiceWorker,marta_offline,service-worker.js,3047,37,getCachedOfflineCaseList,,Cached case data structure for a0103263-654c-4d21-818e-3ddc0e1b78ba,
2026-02-09T20:51:05.640Z,log,ServiceWorker,marta_offline,service-worker.js,3091,25,getCachedOfflineCaseList,,Found 3 cached offline cases,
2026-02-09T20:51:05.640Z,log,ServiceWorker,marta_offline,service-worker.js,3081,37,getCachedOfflineCaseList,,Created case view item: a0103263-654c-4d21-818e-3ddc0e1b78ba,
2026-02-09T20:51:05.643Z,log,OfflineCaseManager,marta_offline,offline-case-manager.js,305,20,Object.update_offline_case_index_map [as updateOfflineCaseIndexMap],,Updated offline case index map: 0 cases,
2026-02-09T20:51:05.643Z,log,OfflineSessionManager,marta_offline,offline-session-manager.js,176,20,Object.loadOfflineCases,,Loaded offline cases: 3,
2026-02-09T20:51:05.647Z,log,ServiceWorker,marta_offline,service-worker.js,1127,25,anonymous,,Skipping cache for connectivity check: https://test-mmria.apps.ecpaas-dev.cdc.gov/api/OfflineCase/connectivity-check?t=1770670265647,
2026-02-09T20:51:05.650Z,log,ServiceWorker,marta_offline,service-worker.js,1195,45,anonymous,,✅ Serving static file from cache: /img/online-go.svg,
2026-02-09T20:51:05.650Z,log,ServiceWorker,marta_offline,service-worker.js,1127,25,anonymous,,Skipping cache for connectivity check: https://test-mmria.apps.ecpaas-dev.cdc.gov/api/OfflineCase/connectivity-check?t=1770670265649,
2026-02-09T20:51:05.653Z,log,ServiceWorker,marta_offline,service-worker.js,1127,25,anonymous,,Skipping cache for connectivity check: https://test-mmria.apps.ecpaas-dev.cdc.gov/api/OfflineCase/connectivity-check?t=1770670265652,
2026-02-09T20:51:05.655Z,log,ServiceWorker,marta_offline,service-worker.js,1195,45,anonymous,,✅ Serving static file from cache: /img/online-go.svg,
2026-02-09T20:51:05.669Z,log,CaseIndex,marta_offline,index.js,1761,28,anonymous,,🔄 OFFLINE: Calling window.onhashchange with: https://test-mmria.apps.ecpaas-dev.cdc.gov/Case#/summary,
2026-02-09T20:51:05.670Z,log,ServiceWorker,marta_offline,service-worker.js,1127,25,anonymous,,Skipping cache for connectivity check: https://test-mmria.apps.ecpaas-dev.cdc.gov/api/OfflineCase/connectivity-check?t=1770670265670,
2026-02-09T20:51:05.673Z,log,ServiceWorker,marta_offline,service-worker.js,1195,45,anonymous,,✅ Serving static file from cache: /img/online-go.svg,
2026-02-09T20:51:08.059Z,log,OfflineNetworkMonitor,marta_offline,offline-network-monitor.js,86,20,Object.update_go_online_button_state [as updateGoOnlineButtonState],,Go Online button state changed: enabled,
2026-02-09T20:51:27.171Z,log,ServiceWorker,marta_offline,service-worker.js,2290,21,handlePageRequest,,Handling page request for: /Case,
2026-02-09T20:51:27.171Z,log,ServiceWorker,marta_offline,service-worker.js,2105,29,isUserInOfflineMode,,Using cached offline status: true,
2026-02-09T20:51:27.172Z,log,ServiceWorker,marta_offline,service-worker.js,2331,25,handlePageRequest,,"Offline detected, trying cache first for: /Case",
2026-02-09T20:51:27.172Z,log,ServiceWorker,marta_offline,service-worker.js,502,29,getActiveApiCacheName,,Using active session cache: mmria-api-v114-stable-session-1770669988094-41ea468b-937e-4e99-bdaf-5ae2bc633116,
2026-02-09T20:51:27.172Z,log,ServiceWorker,marta_offline,service-worker.js,2202,29,hasActiveOfflineSession,,Using cached active offline session status: true,
2026-02-09T20:51:27.172Z,log,ServiceWorker,marta_offline,service-worker.js,2326,25,handlePageRequest,,Protected route access granted - valid session and crypto key,
2026-02-09T20:51:27.173Z,log,ServiceWorker,marta_offline,service-worker.js,1182,29,anonymous,,Processing print.css request: /TemplatePackage/4.0/assets/css/print.css,
2026-02-09T20:51:27.173Z,log,ServiceWorker,marta_offline,service-worker.js,1094,25,anonymous,,"Fetch event for print.css detected: {""pathname"":""/TemplatePackage/4.0/assets/css/print.css"",""method"":""GET"",""url"":""https://test-mmria.apps.ecpaas-dev.cdc.gov/TemplatePackage/4.0/assets/css/print.css"",""isOffline"":false}",
2026-02-09T20:51:27.174Z,log,ServiceWorker,marta_offline,service-worker.js,1183,29,anonymous,,STATIC_FILES includes print.css: true,
2026-02-09T20:51:27.176Z,log,ServiceWorker,marta_offline,service-worker.js,1195,45,anonymous,,✅ Serving static file from cache: /TemplatePackage/4.0/assets/css/app.min.css,
2026-02-09T20:51:27.177Z,log,ServiceWorker,marta_offline,service-worker.js,1195,45,anonymous,,✅ Serving static file from cache: /styles/mmria-custom.css,
2026-02-09T20:51:27.178Z,log,ServiceWorker,marta_offline,service-worker.js,1195,45,anonymous,,✅ Serving static file from cache: /TemplatePackage/4.0/assets/css/print.css,
2026-02-09T20:51:27.178Z,log,ServiceWorker,marta_offline,service-worker.js,1195,45,anonymous,,✅ Serving static file from cache: /TemplatePackage/4.0/assets/vendor/css/bootstrap.css,
2026-02-09T20:51:27.179Z,log,ServiceWorker,marta_offline,service-worker.js,1195,45,anonymous,,✅ Serving static file from cache: /styles/jquery/jquery.timepicker.css,
2026-02-09T20:51:27.179Z,log,ServiceWorker,marta_offline,service-worker.js,1195,45,anonymous,,✅ Serving static file from cache: /styles/template-package-override.css,
2026-02-09T20:51:27.180Z,log,ServiceWorker,marta_offline,service-worker.js,1195,45,anonymous,,✅ Serving static file from cache: /styles/jquery/jquery.datetimepicker.css,
2026-02-09T20:51:27.181Z,log,ServiceWorker,marta_offline,service-worker.js,1195,45,anonymous,,✅ Serving static file from cache: /styles/bootstrap/bootstrap-datetimepicker.min.css,
2026-02-09T20:51:27.210Z,log,ServiceWorker,marta_offline,service-worker.js,1195,45,anonymous,,✅ Serving static file from cache: /styles/bootstrap/jquery.bootstrap-touchspin.min.css,
2026-02-09T20:51:27.211Z,log,ServiceWorker,marta_offline,service-worker.js,1195,45,anonymous,,✅ Serving static file from cache: /styles/d3/c3/0.7.20/c3.min.css,
2026-02-09T20:51:27.211Z,log,ServiceWorker,marta_offline,service-worker.js,1195,45,anonymous,,✅ Serving static file from cache: /styles/flatpickr/flatpickr.min.css,
2026-02-09T20:51:27.212Z,log,ServiceWorker,marta_offline,service-worker.js,1195,45,anonymous,,✅ Serving static file from cache: /css/animate.css,
2026-02-09T20:51:27.213Z,log,ServiceWorker,marta_offline,service-worker.js,1195,45,anonymous,,✅ Serving static file from cache: /styles/bootstrap/bootstrap-timepicker.css,
2026-02-09T20:51:27.214Z,log,ServiceWorker,marta_offline,service-worker.js,1195,45,anonymous,,✅ Serving static file from cache: /styles/trumbowyg/trumbowyg.min.css,
2026-02-09T20:51:27.216Z,log,ServiceWorker,marta_offline,service-worker.js,2339,33,handlePageRequest,,✅ Serving cached page from current cache: /Case,
2026-02-09T20:52:28.740Z,log,OfflineModals,marta_offline,offline-modals.js,533,20,confirm_abandon_case,,🗑️ Abandoning offline case: d055795e-593b-4fa4-8d0b-6d926681fcf7,
2026-02-09T20:52:28.741Z,log,ServiceWorker,marta_offline,service-worker.js,1373,25,anonymous,,🎯 Routing API request to handleApiRequest: /api/OfflineCase/cache-version,
2026-02-09T20:52:28.742Z,log,ServiceWorker,marta_offline,service-worker.js,1461,21,handleApiRequest,,🔍 Service Worker: handleApiRequest called for: /api/OfflineCase/cache-version,
2026-02-09T20:52:28.742Z,log,ServiceWorker,marta_offline,service-worker.js,1462,21,handleApiRequest,,🔍 Service Worker: Full URL: https://test-mmria.apps.ecpaas-dev.cdc.gov/api/OfflineCase/cache-version,
2026-02-09T20:52:28.743Z,log,ServiceWorker,marta_offline,service-worker.js,1463,21,handleApiRequest,,🔍 Service Worker: Request method: GET,
2026-02-09T20:52:28.743Z,log,ServiceWorker,marta_offline,service-worker.js,1475,25,handleApiRequest,,✅ Cache-first strategy for: /api/OfflineCase/cache-version,
2026-02-09T20:52:28.746Z,log,ServiceWorker,marta_offline,service-worker.js,1513,29,handleApiRequest,,✅ Cache hit: /api/OfflineCase/cache-version,
2026-02-09T20:52:28.753Z,log,AppMMRIA,marta_offline,app.mmria.js,67,24,getActualApiCacheName,,Service Worker: Cache version fetched from server: mmria-api-v114-stable-session-1770669988094-41ea468b-937e-4e99-bdaf-5ae2bc633116,
2026-02-09T20:52:28.756Z,log,OfflineModals,marta_offline,offline-modals.js,546,32,confirm_abandon_case,,✅ Removed case from cache: mmria-api-v114-stable-session-1770669988094-41ea468b-937e-4e99-bdaf-5ae2bc633116,
2026-02-09T20:52:28.757Z,log,OfflineModals,marta_offline,offline-modals.js,562,24,confirm_abandon_case,,✅ Updated offline case index map. New length: 2,
2026-02-09T20:52:28.757Z,log,OfflineModals,marta_offline,offline-modals.js,557,24,confirm_abandon_case,,✅ Removed case from offline_mode_case_view_list. Before: 3 After: 2,
2026-02-09T20:52:28.759Z,log,OfflineCaseManager,marta_offline,offline-case-manager.js,438,20,ensure_offline_initialization,,Offline initialization complete,
2026-02-09T20:52:28.759Z,log,OfflineModals,marta_offline,offline-modals.js,581,20,confirm_abandon_case,,🔄 Refreshing offline case list table...,
2026-02-09T20:52:28.760Z,log,ServiceWorker,marta_offline,service-worker.js,1461,21,handleApiRequest,,🔍 Service Worker: handleApiRequest called for: /api/case_view/offline-documents,
2026-02-09T20:52:28.760Z,log,ServiceWorker,marta_offline,service-worker.js,1373,25,anonymous,,🎯 Routing API request to handleApiRequest: /api/case_view/offline-documents,
2026-02-09T20:52:28.761Z,log,ServiceWorker,marta_offline,service-worker.js,1462,21,handleApiRequest,,🔍 Service Worker: Full URL: https://test-mmria.apps.ecpaas-dev.cdc.gov/api/case_view/offline-documents,
2026-02-09T20:52:28.761Z,log,ServiceWorker,marta_offline,service-worker.js,1463,21,handleApiRequest,,🔍 Service Worker: Request method: GET,
2026-02-09T20:52:28.762Z,log,ServiceWorker,marta_offline,service-worker.js,502,29,getActiveApiCacheName,,Using active session cache: mmria-api-v114-stable-session-1770669988094-41ea468b-937e-4e99-bdaf-5ae2bc633116,
2026-02-09T20:52:28.762Z,log,ServiceWorker,marta_offline,service-worker.js,1475,25,handleApiRequest,,✅ Cache-first strategy for: /api/case_view/offline-documents,
2026-02-09T20:52:28.762Z,log,ServiceWorker,marta_offline,service-worker.js,3004,25,getCachedOfflineCaseList,,getCachedOfflineCaseList - Starting to retrieve cached cases,
2026-02-09T20:52:28.777Z,log,ServiceWorker,marta_offline,service-worker.js,3021,33,getCachedOfflineCaseList,,Processing cached case request: /api/case?case_id=ad3cfd01-fd8f-45d8-9084-be8738efdd0e,
2026-02-09T20:52:28.777Z,log,ServiceWorker,marta_offline,service-worker.js,3011,25,getCachedOfflineCaseList,,Searching API cache (mmria-api-v114-stable-session-1770669988094-41ea468b-937e-4e99-bdaf-5ae2bc633116) for case data. Found 23 cached requests,
2026-02-09T20:52:28.779Z,log,ServiceWorker,marta_offline,service-worker.js,3021,33,getCachedOfflineCaseList,,Processing cached case request: /api/case?case_id=a0103263-654c-4d21-818e-3ddc0e1b78ba,
2026-02-09T20:52:28.779Z,log,ServiceWorker,marta_offline,service-worker.js,3081,37,getCachedOfflineCaseList,,Created case view item: ad3cfd01-fd8f-45d8-9084-be8738efdd0e,
2026-02-09T20:52:28.779Z,log,ServiceWorker,marta_offline,service-worker.js,3047,37,getCachedOfflineCaseList,,Cached case data structure for ad3cfd01-fd8f-45d8-9084-be8738efdd0e,
2026-02-09T20:52:28.782Z,log,ServiceWorker,marta_offline,service-worker.js,3081,37,getCachedOfflineCaseList,,Created case view item: a0103263-654c-4d21-818e-3ddc0e1b78ba,
2026-02-09T20:52:28.782Z,log,ServiceWorker,marta_offline,service-worker.js,3047,37,getCachedOfflineCaseList,,Cached case data structure for a0103263-654c-4d21-818e-3ddc0e1b78ba,
2026-02-09T20:52:28.783Z,log,ServiceWorker,marta_offline,service-worker.js,3091,25,getCachedOfflineCaseList,,Found 2 cached offline cases,
2026-02-09T20:52:28.786Z,log,OfflineSessionManager,marta_offline,offline-session-manager.js,176,20,Object.loadOfflineCases,,Loaded offline cases: 2,
2026-02-09T20:52:28.787Z,log,OfflineCaseManager,marta_offline,offline-case-manager.js,305,20,Object.update_offline_case_index_map [as updateOfflineCaseIndexMap],,Updated offline case index map: 3 cases,
2026-02-09T20:52:28.790Z,log,OfflineModals,marta_offline,offline-modals.js,590,20,confirm_abandon_case,,✅ Successfully abandoned offline case: d055795e-593b-4fa4-8d0b-6d926681fcf7,
2026-02-09T20:52:28.790Z,log,ServiceWorker,marta_offline,service-worker.js,1127,25,anonymous,,Skipping cache for connectivity check: https://test-mmria.apps.ecpaas-dev.cdc.gov/api/OfflineCase/connectivity-check?t=1770670348789,
2026-02-09T20:52:28.792Z,log,ServiceWorker,marta_offline,service-worker.js,1195,45,anonymous,,✅ Serving static file from cache: /img/online-go.svg,
2026-02-09T20:52:28.800Z,log,CaseIndex,marta_offline,index.js,1761,28,anonymous,,🔄 OFFLINE: Calling window.onhashchange with: https://test-mmria.apps.ecpaas-dev.cdc.gov/Case#/summary,
2026-02-09T20:52:28.802Z,log,ServiceWorker,marta_offline,service-worker.js,1127,25,anonymous,,Skipping cache for connectivity check: https://test-mmria.apps.ecpaas-dev.cdc.gov/api/OfflineCase/connectivity-check?t=1770670348801,
2026-02-09T20:52:28.805Z,log,ServiceWorker,marta_offline,service-worker.js,1195,45,anonymous,,✅ Serving static file from cache: /img/online-go.svg,
2026-02-09T20:53:26.990Z,log,ServiceWorker,marta_offline,service-worker.js,1127,25,anonymous,,Skipping cache for connectivity check: https://test-mmria.apps.ecpaas-dev.cdc.gov/api/OfflineCase/connectivity-check?t=1770670406989,
2026-02-09T20:53:28.202Z,log,OfflineTransitionManager,marta_offline,offline-transition-manager.js,93,20,Object.go_online_clicked [as goOnlineClicked],,Saving cached cases to database...,
2026-02-09T20:53:28.203Z,log,OfflineSyncManager,marta_offline,offline-sync-manager.js,822,20,Object.save_cached_cases_to_database [as saveCasesToDatabase],,Found 1 cases without changes out of 2 total offline cases,
2026-02-09T20:53:28.203Z,log,OfflineSyncManager,marta_offline,offline-sync-manager.js,787,16,Object.save_cached_cases_to_database [as saveCasesToDatabase],,Saving cached case documents and changes to database...,
2026-02-09T20:53:28.205Z,log,ServiceWorker,marta_offline,service-worker.js,1373,25,anonymous,,🎯 Routing API request to handleApiRequest: /api/case,
2026-02-09T20:53:28.206Z,log,ServiceWorker,marta_offline,service-worker.js,1461,21,handleApiRequest,,🔍 Service Worker: handleApiRequest called for: /api/case?case_id=d055795e-593b-4fa4-8d0b-6d926681fcf7,
2026-02-09T20:53:28.207Z,log,ServiceWorker,marta_offline,service-worker.js,1462,21,handleApiRequest,,🔍 Service Worker: Full URL: https://test-mmria.apps.ecpaas-dev.cdc.gov/api/case?case_id=d055795e-593b-4fa4-8d0b-6d926681fcf7,
2026-02-09T20:53:28.208Z,log,ServiceWorker,marta_offline,service-worker.js,1463,21,handleApiRequest,,🔍 Service Worker: Request method: GET,
2026-02-09T20:53:28.209Z,log,ServiceWorker,marta_offline,service-worker.js,1475,25,handleApiRequest,,✅ Cache-first strategy for: /api/case?case_id=d055795e-593b-4fa4-8d0b-6d926681fcf7,
2026-02-09T20:53:28.211Z,log,ServiceWorker,marta_offline,service-worker.js,2202,29,hasActiveOfflineSession,,Using cached active offline session status: true,
2026-02-09T20:53:28.211Z,log,ServiceWorker,marta_offline,service-worker.js,2105,29,isUserInOfflineMode,,Using cached offline status: true,
2026-02-09T20:53:28.212Z,log,ServiceWorker,marta_offline,service-worker.js,1588,29,handleApiRequest,,🔌 OFFLINE - skipping network request for: https://test-mmria.apps.ecpaas-dev.cdc.gov/api/case?case_id=d055795e-593b-4fa4-8d0b-6d926681fcf7,
2026-02-09T20:53:28.216Z,error,OfflineCaseManager,marta_offline,offline-case-manager.js,570,18,get_case_for_processing,,Case not found in offline cache: d055795e-593b-4fa4-8d0b-6d926681fcf7 Status: 503,
2026-02-09T20:53:28.222Z,error,OfflineCaseManager,marta_offline,offline-case-manager.js,576,16,get_case_for_processing,Error,Error loading offline case: Error: Case d055795e-593b-4fa4-8d0b-6d926681fcf7 not found in offline cache or could not be decrypted (status: 503),"Error: Case d055795e-593b-4fa4-8d0b-6d926681fcf7 not found in offline cache or could not be decrypted (status: 503)
    at get_case_for_processing (https://test-mmria.apps.ecpaas-dev.cdc.gov/scripts/offline/offline-case-manager.js:571:13)
    at async Object.save_cached_cases_to_database [as saveCasesToDatabase] (https://test-mmria.apps.ecpaas-dev.cdc.gov/scripts/offline/offline-sync-manager.js:828:38)
    at async Object.go_online_clicked [as goOnlineClicked] (https://test-mmria.apps.ecpaas-dev.cdc.gov/scripts/offline/offline-transition-manager.js:96:28)"
2026-02-09T20:53:28.223Z,log,OfflineSyncManager,marta_offline,offline-sync-manager.js,859,24,Object.save_cached_cases_to_database [as saveCasesToDatabase],,"Saving 2 cases (2 changed, 0 unchanged)",
2026-02-09T20:53:28.223Z,error,OfflineSyncManager,marta_offline,offline-sync-manager.js,846,28,Object.save_cached_cases_to_database [as saveCasesToDatabase],Error,Error fetching unchanged case d055795e-593b-4fa4-8d0b-6d926681fcf7: Error: Case d055795e-593b-4fa4-8d0b-6d926681fcf7 not found in offline cache or could not be decrypted (status: 503),"Error: Case d055795e-593b-4fa4-8d0b-6d926681fcf7 not found in offline cache or could not be decrypted (status: 503)
    at get_case_for_processing (https://test-mmria.apps.ecpaas-dev.cdc.gov/scripts/offline/offline-case-manager.js:571:13)
    at async Object.save_cached_cases_to_database [as saveCasesToDatabase] (https://test-mmria.apps.ecpaas-dev.cdc.gov/scripts/offline/offline-sync-manager.js:828:38)
    at async Object.go_online_clicked [as goOnlineClicked] (https://test-mmria.apps.ecpaas-dev.cdc.gov/scripts/offline/offline-transition-manager.js:96:28)"
2026-02-09T20:53:28.228Z,log,ServiceWorker,marta_offline,service-worker.js,1139,25,anonymous,,Skipping cache for /api/OfflineCase/update-cases/: https://test-mmria.apps.ecpaas-dev.cdc.gov/api/OfflineCase/update-cases/ca8170de-b4c3-4f17-b40a-1220a5fca678,
2026-02-09T20:53:30.561Z,log,OfflineTransitionManager,marta_offline,offline-transition-manager.js,123,24,Object.go_online_clicked [as goOnlineClicked],,Transitioning service worker to online mode...,
2026-02-09T20:53:30.561Z,log,OfflineSyncManager,marta_offline,offline-sync-manager.js,898,20,Object.save_cached_cases_to_database [as saveCasesToDatabase],,"Successfully saved offline document changes to database: {""message"":""Case documents saved successfully"",""offlineCaseId"":""ca8170de-b4c3-4f17-b40a-1220a5fca678"",""documentCount"":2,""revision"":""2-71f0fb4a7940bb38795f671a2f28198b"",""offline_state"":1,""shouldSetProcessOffline"":true}",
2026-02-09T20:53:30.561Z,log,OfflineChangeTracker,marta_offline,offline-change-tracker.js,235,16,Object.clear_offline_changes [as clear],,Offline changes cleared,
2026-02-09T20:53:30.562Z,log,ServiceWorker,marta_offline,service-worker.js,852,29,anonymous,,Received GO_ONLINE_IMMEDIATE - setting cached status to online,
2026-02-09T20:53:30.563Z,log,ServiceWorker,marta_offline,service-worker.js,856,29,anonymous,,Immediate online status set,
2026-02-09T20:53:30.807Z,log,ServiceWorker,marta_offline,service-worker.js,2795,25,clearAllCaches,,All caches cleared,
2026-02-09T20:53:31.275Z,log,OfflineTransitionManager,marta_offline,offline-transition-manager.js,140,24,Object.go_online_clicked [as goOnlineClicked],,Unregistering service worker...,
2026-02-09T20:53:31.276Z,log,OfflineTransitionManager,marta_offline,offline-transition-manager.js,986,24,unregister_service_worker,,Unregistering 1 service worker(s),
2026-02-09T20:53:41.295Z,warn,OfflineTransitionManager,marta_offline,offline-transition-manager.js,1014,36,anonymous,,Controller clear timeout - proceeding,
2026-02-09T20:53:43.309Z,log,OfflineTransitionManager,marta_offline,offline-transition-manager.js,144,24,Object.go_online_clicked [as goOnlineClicked],,Clearing offline session...,
2026-02-09T20:53:45.338Z,log,ServiceWorker,marta_offline,service-worker.js,1133,25,anonymous,,Skipping cache for /api/logger/save-offline-log-data: https://test-mmria.apps.ecpaas-dev.cdc.gov/api/logger/save-offline-log-data,
2026-02-09T20:53:45.340Z,log,ServiceWorker,marta_offline,service-worker.js,1133,25,anonymous,,Skipping cache for /api/logger/save-offline-log-data: https://test-mmria.apps.ecpaas-dev.cdc.gov/api/logger/save-offline-log-data,
2026-02-09T20:54:32.753Z,log,CaseIndex,marta_offline,index.js,1881,36,get_case_set,,User is processing offline cases,
2026-02-09T20:55:28.240Z,log,OfflineSyncManager,marta_offline,offline-sync-manager.js,94,24,Object.sync_offline_changes [as sync],,new record_id after removing -offline suffix: TEST-2025-3244,
2026-02-09T20:55:31.691Z,log,OfflineSyncManager,marta_offline,offline-sync-manager.js,199,25,Object.sync_offline_changes [as sync],,Case unlocked. Offline changes synced successfully for case: ad3cfd01-fd8f-45d8-9084-be8738efdd0e,
2026-02-09T20:55:43.838Z,log,CaseIndex,marta_offline,index.js,1881,36,get_case_set,,User is processing offline cases,
2026-02-09T20:56:32.115Z,log,OfflineSyncManager,marta_offline,offline-sync-manager.js,359,24,Object.abandon_offline_changes [as abandon],,Changes abandoned. Case unlocked case: a0103263-654c-4d21-818e-3ddc0e1b78ba,
2026-02-09T20:56:44.338Z,log,CaseIndex,marta_offline,index.js,1881,36,get_case_set,,User is processing offline cases,